race,driver,suggestion_lap,suggestion_label,totalScore,matched_pit_lap,match_distance,nearest_future_pit_lap,nearest_future_pit_distance,pit_in_window_before_consumption,outcome_class,exclusion_reason
2022 :: Abu Dhabi Grand Prix,HAM,16,PIT_NOW,0.0666666666666666,18.0,2.0,18.0,2.0,True,1,
2022 :: Abu Dhabi Grand Prix,HAM,17,PIT_NOW,0.0666666666666666,,,18.0,1.0,True,EXCLUDED,NO_MATCH_WITHIN_HORIZON
2022 :: Abu Dhabi Grand Prix,LEC,17,PIT_NOW,0.0666666666666666,,,21.0,4.0,False,EXCLUDED,NO_MATCH_WITHIN_HORIZON
2022 :: Abu Dhabi Grand Prix,LEC,18,PIT_NOW,0.0666666666666666,,,21.0,3.0,False,EXCLUDED,NO_MATCH_WITHIN_HORIZON
2022 :: Abu Dhabi Grand Prix,LEC,19,PIT_NOW,0.0666666666666666,21.0,2.0,21.0,2.0,True,EXCLUDED,UNRESOLVED_INCIDENT_FILTER
2022 :: Abu Dhabi Grand Prix,LEC,20,PIT_NOW,0.0666666666666666,,,21.0,1.0,True,EXCLUDED,NO_MATCH_WITHIN_HORIZON
2022 :: Abu Dhabi Grand Prix,RIC,15,PIT_NOW,0.0666666666666666,,,19.0,4.0,False,EXCLUDED,NO_MATCH_WITHIN_HORIZON
2022 :: Abu Dhabi Grand Prix,RIC,17,PIT_NOW,0.0666666666666666,19.0,2.0,19.0,2.0,True,0,
2022 :: Abu Dhabi Grand Prix,VER,16,PIT_NOW,0.0666666666666666,,,20.0,4.0,False,EXCLUDED,NO_MATCH_WITHIN_HORIZON
2022 :: Abu Dhabi Grand Prix,VER,17,PIT_NOW,0.0666666666666666,,,20.0,3.0,False,EXCLUDED,NO_MATCH_WITHIN_HORIZON
2022 :: Abu Dhabi Grand Prix,VER,19,PIT_NOW,0.0666666666666666,20.0,1.0,20.0,1.0,True,0,
2022 :: Austrian Grand Prix,ALB,24,PIT_NOW,0.1481481481481481,,,41.0,17.0,False,EXCLUDED,NO_MATCH_WITHIN_HORIZON
2022 :: Austrian Grand Prix,ALB,31,PIT_NOW,0.1481481481481481,,,41.0,10.0,False,EXCLUDED,NO_MATCH_WITHIN_HORIZON
2022 :: Austrian Grand Prix,ALB,36,PIT_NOW,0.1481481481481481,,,41.0,5.0,False,EXCLUDED,NO_MATCH_WITHIN_HORIZON
2022 :: Austrian Grand Prix,ALB,37,PIT_NOW,0.1481481481481481,,,41.0,4.0,False,EXCLUDED,NO_MATCH_WITHIN_HORIZON
2022 :: Austrian Grand Prix,ALB,38,PIT_NOW,0.1481481481481481,,,41.0,3.0,False,EXCLUDED,NO_MATCH_WITHIN_HORIZON
2022 :: Austrian Grand Prix,ALB,39,PIT_NOW,0.1481481481481481,41.0,2.0,41.0,2.0,True,1,
2022 :: Austrian Grand Prix,ALO,20,PIT_NOW,0.1481481481481481,,,27.0,7.0,False,EXCLUDED,NO_MATCH_WITHIN_HORIZON
2022 :: Austrian Grand Prix,ALO,22,PIT_NOW,0.1481481481481481,,,27.0,5.0,False,EXCLUDED,NO_MATCH_WITHIN_HORIZON
2022 :: Austrian Grand Prix,ALO,23,PIT_NOW,0.1481481481481481,,,27.0,4.0,False,EXCLUDED,NO_MATCH_WITHIN_HORIZON
2022 :: Austrian Grand Prix,ALO,25,PIT_NOW,0.1481481481481481,27.0,2.0,27.0,2.0,True,0,
2022 :: Austrian Grand Prix,BOT,34,PIT_NOW,0.1481481481481481,,,39.0,5.0,False,EXCLUDED,NO_MATCH_WITHIN_HORIZON
2022 :: Austrian Grand Prix,GAS,29,PIT_NOW,0.1481481481481481,,,40.0,11.0,False,EXCLUDED,NO_MATCH_WITHIN_HORIZON
2022 :: Austrian Grand Prix,GAS,37,PIT_NOW,0.1481481481481481,,,40.0,3.0,False,EXCLUDED,NO_MATCH_WITHIN_HORIZON
2022 :: Austrian Grand Prix,GAS,38,PIT_NOW,0.1481481481481481,40.0,2.0,40.0,2.0,True,1,
2022 :: Austrian Grand Prix,GAS,39,PIT_NOW,0.1481481481481481,,,40.0,1.0,True,EXCLUDED,NO_MATCH_WITHIN_HORIZON
2022 :: Austrian Grand Prix,HAM,16,PIT_NOW,0.1481481481481481,,,28.0,12.0,False,EXCLUDED,NO_MATCH_WITHIN_HORIZON
2022 :: Austrian Grand Prix,HAM,17,PIT_NOW,0.1481481481481481,,,28.0,11.0,False,EXCLUDED,NO_MATCH_WITHIN_HORIZON
2022 :: Austrian Grand Prix,HAM,19,PIT_NOW,0.1481481481481481,,,28.0,9.0,False,EXCLUDED,NO_MATCH_WITHIN_HORIZON
2022 :: Austrian Grand Prix,HAM,20,PIT_NOW,0.1481481481481481,,,28.0,8.0,False,EXCLUDED,NO_MATCH_WITHIN_HORIZON
2022 :: Austrian Grand Prix,HAM,23,PIT_NOW,0.1481481481481481,,,28.0,5.0,False,EXCLUDED,NO_MATCH_WITHIN_HORIZON
2022 :: Austrian Grand Prix,HAM,44,PIT_NOW,0.1481481481481481,,,51.0,7.0,False,EXCLUDED,NO_MATCH_WITHIN_HORIZON
2022 :: Austrian Grand Prix,HAM,49,PIT_NOW,0.1481481481481481,51.0,2.0,51.0,2.0,True,EXCLUDED,UNRESOLVED_INCIDENT_FILTER
2022 :: Austrian Grand Prix,LAT,28,PIT_NOW,0.1481481481481481,,,35.0,7.0,False,EXCLUDED,NO_MATCH_WITHIN_HORIZON
2022 :: Austrian Grand Prix,LAT,29,PIT_NOW,0.1481481481481481,,,35.0,6.0,False,EXCLUDED,NO_MATCH_WITHIN_HORIZON
2022 :: Austrian Grand Prix,LEC,17,PIT_NOW,0.1481481481481481,,,26.0,9.0,False,EXCLUDED,NO_MATCH_WITHIN_HORIZON
2022 :: Austrian Grand Prix,LEC,18,PIT_NOW,0.1481481481481481,,,26.0,8.0,False,EXCLUDED,NO_MATCH_WITHIN_HORIZON
2022 :: Austrian Grand Prix,LEC,19,PIT_NOW,0.1481481481481481,,,26.0,7.0,False,EXCLUDED,NO_MATCH_WITHIN_HORIZON
2022 :: Austrian Grand Prix,LEC,20,PIT_NOW,0.1481481481481481,,,26.0,6.0,False,EXCLUDED,NO_MATCH_WITHIN_HORIZON
2022 :: Austrian Grand Prix,LEC,21,PIT_NOW,0.1481481481481481,,,26.0,5.0,False,EXCLUDED,NO_MATCH_WITHIN_HORIZON
2022 :: Austrian Grand Prix,LEC,22,PIT_NOW,0.1481481481481481,,,26.0,4.0,False,EXCLUDED,NO_MATCH_WITHIN_HORIZON
2022 :: Austrian Grand Prix,LEC,23,PIT_NOW,0.1481481481481481,,,26.0,3.0,False,EXCLUDED,NO_MATCH_WITHIN_HORIZON
2022 :: Austrian Grand Prix,MAG,33,PIT_NOW,0.1481481481481481,,,41.0,8.0,False,EXCLUDED,NO_MATCH_WITHIN_HORIZON
2022 :: Austrian Grand Prix,MSC,15,PIT_NOW,0.1481481481481481,16.0,1.0,16.0,1.0,True,1,
2022 :: Austrian Grand Prix,MSC,33,PIT_NOW,0.1481481481481481,,,43.0,10.0,False,EXCLUDED,NO_MATCH_WITHIN_HORIZON
2022 :: Austrian Grand Prix,NOR,12,PIT_NOW,0.1481481481481481,14.0,2.0,14.0,2.0,True,1,
2022 :: Austrian Grand Prix,NOR,31,PIT_NOW,0.1481481481481481,,,43.0,12.0,False,EXCLUDED,NO_MATCH_WITHIN_HORIZON
2022 :: Austrian Grand Prix,NOR,39,PIT_NOW,0.1481481481481481,,,43.0,4.0,False,EXCLUDED,NO_MATCH_WITHIN_HORIZON
2022 :: Austrian Grand Prix,NOR,40,PIT_NOW,0.1481481481481481,,,43.0,3.0,False,EXCLUDED,NO_MATCH_WITHIN_HORIZON
2022 :: Austrian Grand Prix,NOR,41,PIT_NOW,0.1481481481481481,43.0,2.0,43.0,2.0,True,1,
2022 :: Austrian Grand Prix,OCO,33,PIT_NOW,0.1481481481481481,,,44.0,11.0,False,EXCLUDED,NO_MATCH_WITHIN_HORIZON
2022 :: Austrian Grand Prix,OCO,34,PIT_NOW,0.1481481481481481,,,44.0,10.0,False,EXCLUDED,NO_MATCH_WITHIN_HORIZON
2022 :: Austrian Grand Prix,OCO,38,PIT_NOW,0.1481481481481481,,,44.0,6.0,False,EXCLUDED,NO_MATCH_WITHIN_HORIZON
2022 :: Austrian Grand Prix,OCO,41,PIT_NOW,0.1481481481481481,,,44.0,3.0,False,EXCLUDED,NO_MATCH_WITHIN_HORIZON
2022 :: Austrian Grand Prix,OCO,42,PIT_NOW,0.1481481481481481,44.0,2.0,44.0,2.0,True,1,
2022 :: Austrian Grand Prix,RIC,28,PIT_NOW,0.1481481481481481,,,44.0,16.0,False,EXCLUDED,NO_MATCH_WITHIN_HORIZON
2022 :: Austrian Grand Prix,RIC,34,PIT_NOW,0.1481481481481481,,,44.0,10.0,False,EXCLUDED,NO_MATCH_WITHIN_HORIZON
2022 :: Austrian Grand Prix,RIC,36,PIT_NOW,0.1481481481481481,,,44.0,8.0,False,EXCLUDED,NO_MATCH_WITHIN_HORIZON
2022 :: Austrian Grand Prix,RIC,37,PIT_NOW,0.1481481481481481,,,44.0,7.0,False,EXCLUDED,NO_MATCH_WITHIN_HORIZON
2022 :: Austrian Grand Prix,RIC,38,PIT_NOW,0.1481481481481481,,,44.0,6.0,False,EXCLUDED,NO_MATCH_WITHIN_HORIZON
2022 :: Austrian Grand Prix,RIC,39,PIT_NOW,0.1481481481481481,,,44.0,5.0,False,EXCLUDED,NO_MATCH_WITHIN_HORIZON
2022 :: Austrian Grand Prix,RIC,42,PIT_NOW,0.1481481481481481,44.0,2.0,44.0,2.0,True,1,
2022 :: Austrian Grand Prix,RUS,27,PIT_NOW,0.1481481481481481,,,40.0,13.0,False,EXCLUDED,NO_MATCH_WITHIN_HORIZON
2022 :: Austrian Grand Prix,RUS,36,PIT_NOW,0.1481481481481481,,,40.0,4.0,False,EXCLUDED,NO_MATCH_WITHIN_HORIZON
2022 :: Austrian Grand Prix,RUS,37,PIT_NOW,0.1481481481481481,,,40.0,3.0,False,EXCLUDED,NO_MATCH_WITHIN_HORIZON
2022 :: Austrian Grand Prix,RUS,38,PIT_NOW,0.1481481481481481,40.0,2.0,40.0,2.0,True,1,
2022 :: Austrian Grand Prix,RUS,39,PIT_NOW,0.1481481481481481,,,40.0,1.0,True,EXCLUDED,NO_MATCH_WITHIN_HORIZON
2022 :: Austrian Grand Prix,SAI,14,PIT_NOW,0.1481481481481481,,,27.0,13.0,False,EXCLUDED,NO_MATCH_WITHIN_HORIZON
2022 :: Austrian Grand Prix,SAI,15,PIT_NOW,0.1481481481481481,,,27.0,12.0,False,EXCLUDED,NO_MATCH_WITHIN_HORIZON
2022 :: Austrian Grand Prix,SAI,16,PIT_NOW,0.1481481481481481,,,27.0,11.0,False,EXCLUDED,NO_MATCH_WITHIN_HORIZON
2022 :: Austrian Grand Prix,SAI,17,PIT_NOW,0.1481481481481481,,,27.0,10.0,False,EXCLUDED,NO_MATCH_WITHIN_HORIZON
2022 :: Austrian Grand Prix,SAI,18,PIT_NOW,0.1481481481481481,,,27.0,9.0,False,EXCLUDED,NO_MATCH_WITHIN_HORIZON
2022 :: Austrian Grand Prix,SAI,19,PIT_NOW,0.1481481481481481,,,27.0,8.0,False,EXCLUDED,NO_MATCH_WITHIN_HORIZON
2022 :: Austrian Grand Prix,SAI,20,PIT_NOW,0.1481481481481481,,,27.0,7.0,False,EXCLUDED,NO_MATCH_WITHIN_HORIZON
2022 :: Austrian Grand Prix,SAI,21,PIT_NOW,0.1481481481481481,,,27.0,6.0,False,EXCLUDED,NO_MATCH_WITHIN_HORIZON
2022 :: Austrian Grand Prix,SAI,22,PIT_NOW,0.1481481481481481,,,27.0,5.0,False,EXCLUDED,NO_MATCH_WITHIN_HORIZON
2022 :: Austrian Grand Prix,SAI,23,PIT_NOW,0.1481481481481481,,,27.0,4.0,False,EXCLUDED,NO_MATCH_WITHIN_HORIZON
2022 :: Austrian Grand Prix,SAI,24,PIT_NOW,0.1481481481481481,,,27.0,3.0,False,EXCLUDED,NO_MATCH_WITHIN_HORIZON
2022 :: Austrian Grand Prix,SAI,25,PIT_NOW,0.1481481481481481,27.0,2.0,27.0,2.0,True,1,
2022 :: Austrian Grand Prix,SAI,26,PIT_NOW,0.1481481481481481,,,27.0,1.0,True,EXCLUDED,NO_MATCH_WITHIN_HORIZON
2022 :: Austrian Grand Prix,SAI,46,PIT_NOW,0.1481481481481481,,,50.0,4.0,False,EXCLUDED,NO_MATCH_WITHIN_HORIZON
2022 :: Austrian Grand Prix,SAI,47,PIT_NOW,0.1481481481481481,,,50.0,3.0,False,EXCLUDED,NO_MATCH_WITHIN_HORIZON
2022 :: Austrian Grand Prix,STR,16,PIT_NOW,0.1481481481481481,,,29.0,13.0,False,EXCLUDED,NO_MATCH_WITHIN_HORIZON
2022 :: Austrian Grand Prix,STR,17,PIT_NOW,0.1481481481481481,,,29.0,12.0,False,EXCLUDED,NO_MATCH_WITHIN_HORIZON
2022 :: Austrian Grand Prix,STR,18,PIT_NOW,0.1481481481481481,,,29.0,11.0,False,EXCLUDED,NO_MATCH_WITHIN_HORIZON
2022 :: Austrian Grand Prix,STR,19,PIT_NOW,0.1481481481481481,,,29.0,10.0,False,EXCLUDED,NO_MATCH_WITHIN_HORIZON
2022 :: Austrian Grand Prix,STR,20,PIT_NOW,0.1481481481481481,,,29.0,9.0,False,EXCLUDED,NO_MATCH_WITHIN_HORIZON
2022 :: Austrian Grand Prix,STR,21,PIT_NOW,0.1481481481481481,,,29.0,8.0,False,EXCLUDED,NO_MATCH_WITHIN_HORIZON
2022 :: Austrian Grand Prix,STR,22,PIT_NOW,0.1481481481481481,,,29.0,7.0,False,EXCLUDED,NO_MATCH_WITHIN_HORIZON
2022 :: Austrian Grand Prix,STR,23,PIT_NOW,0.1481481481481481,,,29.0,6.0,False,EXCLUDED,NO_MATCH_WITHIN_HORIZON
2022 :: Austrian Grand Prix,STR,24,PIT_NOW,0.1481481481481481,,,29.0,5.0,False,EXCLUDED,NO_MATCH_WITHIN_HORIZON
2022 :: Austrian Grand Prix,STR,25,PIT_NOW,0.1481481481481481,,,29.0,4.0,False,EXCLUDED,NO_MATCH_WITHIN_HORIZON
2022 :: Austrian Grand Prix,STR,26,PIT_NOW,0.1481481481481481,,,29.0,3.0,False,EXCLUDED,NO_MATCH_WITHIN_HORIZON
2022 :: Austrian Grand Prix,STR,27,PIT_NOW,0.1481481481481481,29.0,2.0,29.0,2.0,True,1,
2022 :: Austrian Grand Prix,STR,47,PIT_NOW,0.1481481481481481,48.0,1.0,48.0,1.0,True,EXCLUDED,UNRESOLVED_INCIDENT_FILTER
2022 :: Austrian Grand Prix,TSU,22,PIT_NOW,0.1481481481481481,,,26.0,4.0,False,EXCLUDED,NO_MATCH_WITHIN_HORIZON
2022 :: Austrian Grand Prix,TSU,23,PIT_NOW,0.1481481481481481,,,26.0,3.0,False,EXCLUDED,NO_MATCH_WITHIN_HORIZON
2022 :: Austrian Grand Prix,TSU,24,PIT_NOW,0.1481481481481481,26.0,2.0,26.0,2.0,True,EXCLUDED,UNRESOLVED_INCIDENT_FILTER
2022 :: Austrian Grand Prix,TSU,25,PIT_NOW,0.1481481481481481,,,26.0,1.0,True,EXCLUDED,NO_MATCH_WITHIN_HORIZON
2022 :: Austrian Grand Prix,TSU,40,PIT_NOW,0.1481481481481481,,,46.0,6.0,False,EXCLUDED,NO_MATCH_WITHIN_HORIZON
2022 :: Austrian Grand Prix,TSU,43,PIT_NOW,0.1481481481481481,,,46.0,3.0,False,EXCLUDED,NO_MATCH_WITHIN_HORIZON
2022 :: Austrian Grand Prix,TSU,44,PIT_NOW,0.1481481481481481,46.0,2.0,46.0,2.0,True,EXCLUDED,UNRESOLVED_INCIDENT_FILTER
2022 :: Austrian Grand Prix,TSU,45,PIT_NOW,0.1481481481481481,,,46.0,1.0,True,EXCLUDED,NO_MATCH_WITHIN_HORIZON
2022 :: Austrian Grand Prix,VET,19,PIT_NOW,0.1481481481481481,20.0,1.0,20.0,1.0,True,1,
2022 :: Austrian Grand Prix,ZHO,23,PIT_NOW,0.1481481481481481,24.0,1.0,24.0,1.0,True,1,
2022 :: Azerbaijan Grand Prix,ALO,5,PIT_NOW,0.1181102362204724,,,18.0,13.0,False,EXCLUDED,NO_MATCH_WITHIN_HORIZON
2022 :: Azerbaijan Grand Prix,ALO,6,PIT_NOW,0.1181102362204724,,,18.0,12.0,False,EXCLUDED,NO_MATCH_WITHIN_HORIZON
2022 :: Azerbaijan Grand Prix,ALO,7,PIT_NOW,0.1181102362204724,,,18.0,11.0,False,EXCLUDED,NO_MATCH_WITHIN_HORIZON
2022 :: Azerbaijan Grand Prix,ALO,12,PIT_NOW,0.1181102362204724,,,18.0,6.0,False,EXCLUDED,NO_MATCH_WITHIN_HORIZON
2022 :: Azerbaijan Grand Prix,ALO,14,PIT_NOW,0.1181102362204724,,,18.0,4.0,False,EXCLUDED,NO_MATCH_WITHIN_HORIZON
2022 :: Azerbaijan Grand Prix,ALO,15,PIT_NOW,0.1181102362204724,,,18.0,3.0,False,EXCLUDED,NO_MATCH_WITHIN_HORIZON
2022 :: Azerbaijan Grand Prix,ALO,16,PIT_NOW,0.1181102362204724,18.0,2.0,18.0,2.0,True,0,
2022 :: Azerbaijan Grand Prix,ALO,17,PIT_NOW,0.1181102362204724,,,18.0,1.0,True,EXCLUDED,NO_MATCH_WITHIN_HORIZON
2022 :: Azerbaijan Grand Prix,ALO,35,PIT_NOW,0.1181102362204724,,,,,False,EXCLUDED,NO_MATCH_WITHIN_HORIZON
2022 :: Azerbaijan Grand Prix,ALO,36,PIT_NOW,0.1181102362204724,,,,,False,EXCLUDED,NO_MATCH_WITHIN_HORIZON
2022 :: Azerbaijan Grand Prix,BOT,5,PIT_NOW,0.1181102362204724,,,33.0,28.0,False,EXCLUDED,NO_MATCH_WITHIN_HORIZON
2022 :: Azerbaijan Grand Prix,BOT,21,PIT_NOW,0.1181102362204724,,,33.0,12.0,False,EXCLUDED,NO_MATCH_WITHIN_HORIZON
2022 :: Azerbaijan Grand Prix,BOT,22,PIT_NOW,0.1181102362204724,,,33.0,11.0,False,EXCLUDED,NO_MATCH_WITHIN_HORIZON
2022 :: Azerbaijan Grand Prix,BOT,23,PIT_NOW,0.1181102362204724,,,33.0,10.0,False,EXCLUDED,NO_MATCH_WITHIN_HORIZON
2022 :: Azerbaijan Grand Prix,BOT,27,PIT_NOW,0.1181102362204724,,,33.0,6.0,False,EXCLUDED,NO_MATCH_WITHIN_HORIZON
2022 :: Azerbaijan Grand Prix,BOT,28,PIT_NOW,0.1181102362204724,,,33.0,5.0,False,EXCLUDED,NO_MATCH_WITHIN_HORIZON
2022 :: Azerbaijan Grand Prix,BOT,29,PIT_NOW,0.1181102362204724,,,33.0,4.0,False,EXCLUDED,NO_MATCH_WITHIN_HORIZON
2022 :: Azerbaijan Grand Prix,BOT,45,PIT_NOW,0.1181102362204724,,,,,False,EXCLUDED,NO_MATCH_WITHIN_HORIZON
2022 :: Azerbaijan Grand Prix,BOT,46,PIT_NOW,0.1181102362204724,,,,,False,EXCLUDED,NO_MATCH_WITHIN_HORIZON
2022 :: Azerbaijan Grand Prix,LAT,38,PIT_NOW,0.1181102362204724,,,,,False,EXCLUDED,NO_MATCH_WITHIN_HORIZON
2022 :: Azerbaijan Grand Prix,LAT,41,PIT_NOW,0.1181102362204724,,,,,False,EXCLUDED,NO_MATCH_WITHIN_HORIZON
2022 :: Azerbaijan Grand Prix,LAT,42,PIT_NOW,0.1181102362204724,,,,,False,EXCLUDED,NO_MATCH_WITHIN_HORIZON
2022 :: Azerbaijan Grand Prix,LAT,43,PIT_NOW,0.1181102362204724,,,,,False,EXCLUDED,NO_MATCH_WITHIN_HORIZON
2022 :: Azerbaijan Grand Prix,LAT,45,PIT_NOW,0.1181102362204724,,,,,False,EXCLUDED,NO_MATCH_WITHIN_HORIZON
2022 :: Azerbaijan Grand Prix,MAG,25,PIT_NOW,0.1181102362204724,,,,,False,EXCLUDED,NO_MATCH_WITHIN_HORIZON
2022 :: Azerbaijan Grand Prix,MAG,26,PIT_NOW,0.1181102362204724,,,,,False,EXCLUDED,NO_MATCH_WITHIN_HORIZON
2022 :: Azerbaijan Grand Prix,MSC,19,PIT_NOW,0.1181102362204724,,,23.0,4.0,False,EXCLUDED,NO_MATCH_WITHIN_HORIZON
2022 :: Azerbaijan Grand Prix,MSC,20,PIT_NOW,0.1181102362204724,,,23.0,3.0,False,EXCLUDED,NO_MATCH_WITHIN_HORIZON
2022 :: Azerbaijan Grand Prix,MSC,21,PIT_NOW,0.1181102362204724,23.0,2.0,23.0,2.0,True,1,
2022 :: Azerbaijan Grand Prix,MSC,22,PIT_NOW,0.1181102362204724,,,23.0,1.0,True,EXCLUDED,NO_MATCH_WITHIN_HORIZON
2022 :: Azerbaijan Grand Prix,NOR,4,PIT_NOW,0.1181102362204724,,,20.0,16.0,False,EXCLUDED,NO_MATCH_WITHIN_HORIZON
2022 :: Azerbaijan Grand Prix,NOR,13,PIT_NOW,0.1181102362204724,,,20.0,7.0,False,EXCLUDED,NO_MATCH_WITHIN_HORIZON
2022 :: Azerbaijan Grand Prix,NOR,14,PIT_NOW,0.1181102362204724,,,20.0,6.0,False,EXCLUDED,NO_MATCH_WITHIN_HORIZON
2022 :: Azerbaijan Grand Prix,NOR,15,PIT_NOW,0.1181102362204724,,,20.0,5.0,False,EXCLUDED,NO_MATCH_WITHIN_HORIZON
2022 :: Azerbaijan Grand Prix,NOR,17,PIT_NOW,0.1181102362204724,,,20.0,3.0,False,EXCLUDED,NO_MATCH_WITHIN_HORIZON
2022 :: Azerbaijan Grand Prix,NOR,18,PIT_NOW,0.1181102362204724,20.0,2.0,20.0,2.0,True,1,
2022 :: Azerbaijan Grand Prix,NOR,19,PIT_NOW,0.1181102362204724,,,20.0,1.0,True,EXCLUDED,NO_MATCH_WITHIN_HORIZON
2022 :: Azerbaijan Grand Prix,NOR,35,PIT_NOW,0.1181102362204724,,,,,False,EXCLUDED,NO_MATCH_WITHIN_HORIZON
2022 :: Azerbaijan Grand Prix,NOR,36,PIT_NOW,0.1181102362204724,,,,,False,EXCLUDED,NO_MATCH_WITHIN_HORIZON
2022 :: Azerbaijan Grand Prix,NOR,37,PIT_NOW,0.1181102362204724,,,,,False,EXCLUDED,NO_MATCH_WITHIN_HORIZON
2022 :: Azerbaijan Grand Prix,NOR,38,PIT_NOW,0.1181102362204724,,,,,False,EXCLUDED,NO_MATCH_WITHIN_HORIZON
2022 :: Azerbaijan Grand Prix,NOR,39,PIT_NOW,0.1181102362204724,,,,,False,EXCLUDED,NO_MATCH_WITHIN_HORIZON
2022 :: Azerbaijan Grand Prix,NOR,40,PIT_NOW,0.1181102362204724,,,,,False,EXCLUDED,NO_MATCH_WITHIN_HORIZON
2022 :: Azerbaijan Grand Prix,NOR,41,PIT_NOW,0.1181102362204724,,,,,False,EXCLUDED,NO_MATCH_WITHIN_HORIZON
2022 :: Azerbaijan Grand Prix,NOR,42,PIT_NOW,0.1181102362204724,,,,,False,EXCLUDED,NO_MATCH_WITHIN_HORIZON
2022 :: Azerbaijan Grand Prix,NOR,43,PIT_NOW,0.1181102362204724,,,,,False,EXCLUDED,NO_MATCH_WITHIN_HORIZON
2022 :: Azerbaijan Grand Prix,NOR,46,PIT_NOW,0.1181102362204724,,,,,False,EXCLUDED,NO_MATCH_WITHIN_HORIZON
2022 :: Azerbaijan Grand Prix,OCO,6,PIT_NOW,0.1181102362204724,,,33.0,27.0,False,EXCLUDED,NO_MATCH_WITHIN_HORIZON
2022 :: Azerbaijan Grand Prix,OCO,7,PIT_NOW,0.1181102362204724,,,33.0,26.0,False,EXCLUDED,NO_MATCH_WITHIN_HORIZON
2022 :: Azerbaijan Grand Prix,OCO,12,PIT_NOW,0.1181102362204724,,,33.0,21.0,False,EXCLUDED,NO_MATCH_WITHIN_HORIZON
2022 :: Azerbaijan Grand Prix,OCO,15,PIT_NOW,0.1181102362204724,,,33.0,18.0,False,EXCLUDED,NO_MATCH_WITHIN_HORIZON
2022 :: Azerbaijan Grand Prix,OCO,16,PIT_NOW,0.1181102362204724,,,33.0,17.0,False,EXCLUDED,NO_MATCH_WITHIN_HORIZON
2022 :: Azerbaijan Grand Prix,OCO,17,PIT_NOW,0.1181102362204724,,,33.0,16.0,False,EXCLUDED,NO_MATCH_WITHIN_HORIZON
2022 :: Azerbaijan Grand Prix,OCO,18,PIT_NOW,0.1181102362204724,,,33.0,15.0,False,EXCLUDED,NO_MATCH_WITHIN_HORIZON
2022 :: Azerbaijan Grand Prix,OCO,19,PIT_NOW,0.1181102362204724,,,33.0,14.0,False,EXCLUDED,NO_MATCH_WITHIN_HORIZON
2022 :: Azerbaijan Grand Prix,OCO,21,PIT_NOW,0.1181102362204724,,,33.0,12.0,False,EXCLUDED,NO_MATCH_WITHIN_HORIZON
2022 :: Azerbaijan Grand Prix,OCO,22,PIT_NOW,0.1181102362204724,,,33.0,11.0,False,EXCLUDED,NO_MATCH_WITHIN_HORIZON
2022 :: Azerbaijan Grand Prix,OCO,23,PIT_NOW,0.1181102362204724,,,33.0,10.0,False,EXCLUDED,NO_MATCH_WITHIN_HORIZON
2022 :: Azerbaijan Grand Prix,OCO,24,PIT_NOW,0.1181102362204724,,,33.0,9.0,False,EXCLUDED,NO_MATCH_WITHIN_HORIZON
2022 :: Azerbaijan Grand Prix,OCO,25,PIT_NOW,0.1181102362204724,,,33.0,8.0,False,EXCLUDED,NO_MATCH_WITHIN_HORIZON
2022 :: Azerbaijan Grand Prix,OCO,26,PIT_NOW,0.1181102362204724,,,33.0,7.0,False,EXCLUDED,NO_MATCH_WITHIN_HORIZON
2022 :: Azerbaijan Grand Prix,OCO,28,PIT_NOW,0.1181102362204724,,,33.0,5.0,False,EXCLUDED,NO_MATCH_WITHIN_HORIZON
2022 :: Azerbaijan Grand Prix,OCO,30,PIT_NOW,0.1181102362204724,,,33.0,3.0,False,EXCLUDED,NO_MATCH_WITHIN_HORIZON
2022 :: Azerbaijan Grand Prix,OCO,46,PIT_NOW,0.1181102362204724,,,,,False,EXCLUDED,NO_MATCH_WITHIN_HORIZON
2022 :: Azerbaijan Grand Prix,PER,31,PIT_NOW,0.1181102362204724,33.0,2.0,33.0,2.0,True,0,
2022 :: Azerbaijan Grand Prix,PER,32,PIT_NOW,0.1181102362204724,,,33.0,1.0,True,EXCLUDED,NO_MATCH_WITHIN_HORIZON
2022 :: Azerbaijan Grand Prix,PER,45,PIT_NOW,0.1181102362204724,,,,,False,EXCLUDED,NO_MATCH_WITHIN_HORIZON
2022 :: Azerbaijan Grand Prix,PER,46,PIT_NOW,0.1181102362204724,,,,,False,EXCLUDED,NO_MATCH_WITHIN_HORIZON
2022 :: Azerbaijan Grand Prix,PER,47,PIT_NOW,0.1181102362204724,,,,,False,EXCLUDED,NO_MATCH_WITHIN_HORIZON
2022 :: Azerbaijan Grand Prix,PER,48,PIT_NOW,0.1181102362204724,,,,,False,EXCLUDED,NO_MATCH_WITHIN_HORIZON
2022 :: Azerbaijan Grand Prix,PER,49,PIT_NOW,0.1181102362204724,,,,,False,EXCLUDED,NO_MATCH_WITHIN_HORIZON
2022 :: Azerbaijan Grand Prix,PER,50,PIT_NOW,0.1181102362204724,,,,,False,EXCLUDED,NO_MATCH_WITHIN_HORIZON
2022 :: Azerbaijan Grand Prix,RIC,16,PIT_NOW,0.1181102362204724,,,33.0,17.0,False,EXCLUDED,NO_MATCH_WITHIN_HORIZON
2022 :: Azerbaijan Grand Prix,RIC,17,PIT_NOW,0.1181102362204724,,,33.0,16.0,False,EXCLUDED,NO_MATCH_WITHIN_HORIZON
2022 :: Azerbaijan Grand Prix,RIC,18,PIT_NOW,0.1181102362204724,,,33.0,15.0,False,EXCLUDED,NO_MATCH_WITHIN_HORIZON
2022 :: Azerbaijan Grand Prix,RIC,19,PIT_NOW,0.1181102362204724,,,33.0,14.0,False,EXCLUDED,NO_MATCH_WITHIN_HORIZON
2022 :: Azerbaijan Grand Prix,RIC,20,PIT_NOW,0.1181102362204724,,,33.0,13.0,False,EXCLUDED,NO_MATCH_WITHIN_HORIZON
2022 :: Azerbaijan Grand Prix,RIC,22,PIT_NOW,0.1181102362204724,,,33.0,11.0,False,EXCLUDED,NO_MATCH_WITHIN_HORIZON
2022 :: Azerbaijan Grand Prix,RIC,26,PIT_NOW,0.1181102362204724,,,33.0,7.0,False,EXCLUDED,NO_MATCH_WITHIN_HORIZON
2022 :: Azerbaijan Grand Prix,STR,3,PIT_NOW,0.1181102362204724,,,30.0,27.0,False,EXCLUDED,NO_MATCH_WITHIN_HORIZON
2022 :: Azerbaijan Grand Prix,STR,8,PIT_NOW,0.1181102362204724,,,30.0,22.0,False,EXCLUDED,NO_MATCH_WITHIN_HORIZON
2022 :: Azerbaijan Grand Prix,STR,19,PIT_NOW,0.1181102362204724,,,30.0,11.0,False,EXCLUDED,NO_MATCH_WITHIN_HORIZON
2022 :: Azerbaijan Grand Prix,STR,25,PIT_NOW,0.1181102362204724,,,30.0,5.0,False,EXCLUDED,NO_MATCH_WITHIN_HORIZON
2022 :: Azerbaijan Grand Prix,STR,26,PIT_NOW,0.1181102362204724,,,30.0,4.0,False,EXCLUDED,NO_MATCH_WITHIN_HORIZON
2022 :: Azerbaijan Grand Prix,STR,27,PIT_NOW,0.1181102362204724,,,30.0,3.0,False,EXCLUDED,NO_MATCH_WITHIN_HORIZON
2022 :: Azerbaijan Grand Prix,TSU,24,PIT_NOW,0.1181102362204724,,,38.0,14.0,False,EXCLUDED,NO_MATCH_WITHIN_HORIZON
2022 :: Azerbaijan Grand Prix,TSU,36,PIT_NOW,0.1181102362204724,38.0,2.0,38.0,2.0,True,1,
2022 :: Azerbaijan Grand Prix,TSU,44,PIT_NOW,0.1181102362204724,,,,,False,EXCLUDED,NO_MATCH_WITHIN_HORIZON
2022 :: Azerbaijan Grand Prix,VER,14,PIT_NOW,0.1181102362204724,,,18.0,4.0,False,EXCLUDED,NO_MATCH_WITHIN_HORIZON
2022 :: Azerbaijan Grand Prix,VER,15,PIT_NOW,0.1181102362204724,,,18.0,3.0,False,EXCLUDED,NO_MATCH_WITHIN_HORIZON
2022 :: Azerbaijan Grand Prix,VER,16,PIT_NOW,0.1181102362204724,18.0,2.0,18.0,2.0,True,1,
2022 :: Azerbaijan Grand Prix,VER,17,PIT_NOW,0.1181102362204724,,,18.0,1.0,True,EXCLUDED,NO_MATCH_WITHIN_HORIZON
2022 :: Azerbaijan Grand Prix,VET,38,PIT_NOW,0.1181102362204724,,,,,False,EXCLUDED,NO_MATCH_WITHIN_HORIZON
2022 :: Azerbaijan Grand Prix,ZHO,3,PIT_NOW,0.1181102362204724,,,9.0,6.0,False,EXCLUDED,NO_MATCH_WITHIN_HORIZON
2022 :: Azerbaijan Grand Prix,ZHO,4,PIT_NOW,0.1181102362204724,,,9.0,5.0,False,EXCLUDED,NO_MATCH_WITHIN_HORIZON
2022 :: Azerbaijan Grand Prix,ZHO,5,PIT_NOW,0.1181102362204724,,,9.0,4.0,False,EXCLUDED,NO_MATCH_WITHIN_HORIZON
2022 :: Azerbaijan Grand Prix,ZHO,6,PIT_NOW,0.1181102362204724,,,9.0,3.0,False,EXCLUDED,NO_MATCH_WITHIN_HORIZON
2022 :: Azerbaijan Grand Prix,ZHO,7,PIT_NOW,0.1181102362204724,9.0,2.0,9.0,2.0,True,EXCLUDED,UNRESOLVED_MISSING_POST_GAP
2022 :: Belgian Grand Prix,LEC,23,PIT_NOW,0.25,25.0,2.0,25.0,2.0,True,0,
2022 :: Belgian Grand Prix,RUS,12,PIT_NOW,0.25,13.0,1.0,13.0,1.0,True,1,
2022 :: Belgian Grand Prix,SAI,24,PIT_NOW,0.25,25.0,1.0,25.0,1.0,True,1,
2022 :: British Grand Prix,GAS,12,PIT_NOW,0.1300813008130081,,,16.0,4.0,False,EXCLUDED,NO_MATCH_WITHIN_HORIZON
2022 :: British Grand Prix,GAS,13,PIT_NOW,0.1300813008130081,,,16.0,3.0,False,EXCLUDED,NO_MATCH_WITHIN_HORIZON
2022 :: British Grand Prix,GAS,14,PIT_NOW,0.1300813008130081,16.0,2.0,16.0,2.0,True,0,
2022 :: British Grand Prix,GAS,15,PIT_NOW,0.1300813008130081,,,16.0,1.0,True,EXCLUDED,NO_MATCH_WITHIN_HORIZON
2022 :: British Grand Prix,GAS,16,PIT_NOW,0.1300813008130081,,,16.0,0.0,True,EXCLUDED,NO_MATCH_WITHIN_HORIZON
2022 :: British Grand Prix,MAG,18,PIT_NOW,0.1300813008130081,,,22.0,4.0,False,EXCLUDED,NO_MATCH_WITHIN_HORIZON
2022 :: British Grand Prix,NOR,20,PIT_NOW,0.1300813008130081,,,34.0,14.0,False,EXCLUDED,NO_MATCH_WITHIN_HORIZON
2022 :: British Grand Prix,PER,32,PIT_NOW,0.1300813008130081,,,39.0,7.0,False,EXCLUDED,NO_MATCH_WITHIN_HORIZON
2022 :: British Grand Prix,STR,32,PIT_NOW,0.1300813008130081,,,40.0,8.0,False,EXCLUDED,NO_MATCH_WITHIN_HORIZON
2022 :: British Grand Prix,TSU,14,PIT_NOW,0.1300813008130081,,,18.0,4.0,False,EXCLUDED,NO_MATCH_WITHIN_HORIZON
2022 :: British Grand Prix,TSU,15,PIT_NOW,0.1300813008130081,,,18.0,3.0,False,EXCLUDED,NO_MATCH_WITHIN_HORIZON
2022 :: British Grand Prix,TSU,16,PIT_NOW,0.1300813008130081,18.0,2.0,18.0,2.0,True,EXCLUDED,UNRESOLVED_MISSING_POST_GAP
2022 :: British Grand Prix,VET,32,PIT_NOW,0.1300813008130081,,,39.0,7.0,False,EXCLUDED,NO_MATCH_WITHIN_HORIZON
2022 :: Canadian Grand Prix,ALB,16,PIT_NOW,0.109090909090909,18.0,2.0,18.0,2.0,True,EXCLUDED,UNRESOLVED_MISSING_POST_GAP
2022 :: Canadian Grand Prix,ALB,46,PIT_NOW,0.109090909090909,48.0,2.0,48.0,2.0,True,EXCLUDED,UNRESOLVED_MISSING_POST_GAP
2022 :: Canadian Grand Prix,ALO,14,PIT_NOW,0.109090909090909,,,28.0,14.0,False,EXCLUDED,NO_MATCH_WITHIN_HORIZON
2022 :: Canadian Grand Prix,ALO,15,PIT_NOW,0.109090909090909,,,28.0,13.0,False,EXCLUDED,NO_MATCH_WITHIN_HORIZON
2022 :: Canadian Grand Prix,ALO,16,PIT_NOW,0.109090909090909,,,28.0,12.0,False,EXCLUDED,NO_MATCH_WITHIN_HORIZON
2022 :: Canadian Grand Prix,ALO,17,PIT_NOW,0.109090909090909,,,28.0,11.0,False,EXCLUDED,NO_MATCH_WITHIN_HORIZON
2022 :: Canadian Grand Prix,ALO,18,PIT_NOW,0.109090909090909,,,28.0,10.0,False,EXCLUDED,NO_MATCH_WITHIN_HORIZON
2022 :: Canadian Grand Prix,ALO,19,PIT_NOW,0.109090909090909,,,28.0,9.0,False,EXCLUDED,NO_MATCH_WITHIN_HORIZON
2022 :: Canadian Grand Prix,ALO,21,PIT_NOW,0.109090909090909,,,28.0,7.0,False,EXCLUDED,NO_MATCH_WITHIN_HORIZON
2022 :: Canadian Grand Prix,ALO,24,PIT_NOW,0.109090909090909,,,28.0,4.0,False,EXCLUDED,NO_MATCH_WITHIN_HORIZON
2022 :: Canadian Grand Prix,ALO,25,PIT_NOW,0.109090909090909,,,28.0,3.0,False,EXCLUDED,NO_MATCH_WITHIN_HORIZON
2022 :: Canadian Grand Prix,ALO,26,PIT_NOW,0.109090909090909,28.0,2.0,28.0,2.0,True,EXCLUDED,UNRESOLVED_MISSING_POST_GAP
2022 :: Canadian Grand Prix,ALO,27,PIT_NOW,0.109090909090909,,,28.0,1.0,True,EXCLUDED,NO_MATCH_WITHIN_HORIZON
2022 :: Canadian Grand Prix,ALO,43,PIT_NOW,0.109090909090909,,,49.0,6.0,False,EXCLUDED,NO_MATCH_WITHIN_HORIZON
2022 :: Canadian Grand Prix,ALO,44,PIT_NOW,0.109090909090909,,,49.0,5.0,False,EXCLUDED,NO_MATCH_WITHIN_HORIZON
2022 :: Canadian Grand Prix,ALO,45,PIT_NOW,0.109090909090909,,,49.0,4.0,False,EXCLUDED,NO_MATCH_WITHIN_HORIZON
2022 :: Canadian Grand Prix,ALO,46,PIT_NOW,0.109090909090909,,,49.0,3.0,False,EXCLUDED,NO_MATCH_WITHIN_HORIZON
2022 :: Canadian Grand Prix,ALO,47,PIT_NOW,0.109090909090909,49.0,2.0,49.0,2.0,True,EXCLUDED,UNRESOLVED_MISSING_POST_GAP
2022 :: Canadian Grand Prix,ALO,48,PIT_NOW,0.109090909090909,,,49.0,1.0,True,EXCLUDED,NO_MATCH_WITHIN_HORIZON
2022 :: Canadian Grand Prix,BOT,17,PIT_NOW,0.109090909090909,,,49.0,32.0,False,EXCLUDED,NO_MATCH_WITHIN_HORIZON
2022 :: Canadian Grand Prix,BOT,36,PIT_NOW,0.109090909090909,,,49.0,13.0,False,EXCLUDED,NO_MATCH_WITHIN_HORIZON
2022 :: Canadian Grand Prix,BOT,37,PIT_NOW,0.109090909090909,,,49.0,12.0,False,EXCLUDED,NO_MATCH_WITHIN_HORIZON
2022 :: Canadian Grand Prix,BOT,38,PIT_NOW,0.109090909090909,,,49.0,11.0,False,EXCLUDED,NO_MATCH_WITHIN_HORIZON
2022 :: Canadian Grand Prix,BOT,39,PIT_NOW,0.109090909090909,,,49.0,10.0,False,EXCLUDED,NO_MATCH_WITHIN_HORIZON
2022 :: Canadian Grand Prix,BOT,40,PIT_NOW,0.109090909090909,,,49.0,9.0,False,EXCLUDED,NO_MATCH_WITHIN_HORIZON
2022 :: Canadian Grand Prix,BOT,41,PIT_NOW,0.109090909090909,,,49.0,8.0,False,EXCLUDED,NO_MATCH_WITHIN_HORIZON
2022 :: Canadian Grand Prix,BOT,44,PIT_NOW,0.109090909090909,,,49.0,5.0,False,EXCLUDED,NO_MATCH_WITHIN_HORIZON
2022 :: Canadian Grand Prix,BOT,45,PIT_NOW,0.109090909090909,,,49.0,4.0,False,EXCLUDED,NO_MATCH_WITHIN_HORIZON
2022 :: Canadian Grand Prix,BOT,46,PIT_NOW,0.109090909090909,,,49.0,3.0,False,EXCLUDED,NO_MATCH_WITHIN_HORIZON
2022 :: Canadian Grand Prix,BOT,47,PIT_NOW,0.109090909090909,49.0,2.0,49.0,2.0,True,1,
2022 :: Canadian Grand Prix,BOT,48,PIT_NOW,0.109090909090909,,,49.0,1.0,True,EXCLUDED,NO_MATCH_WITHIN_HORIZON
2022 :: Canadian Grand Prix,LEC,16,PIT_NOW,0.109090909090909,,,41.0,25.0,False,EXCLUDED,NO_MATCH_WITHIN_HORIZON
2022 :: Canadian Grand Prix,LEC,17,PIT_NOW,0.109090909090909,,,41.0,24.0,False,EXCLUDED,NO_MATCH_WITHIN_HORIZON
2022 :: Canadian Grand Prix,LEC,21,PIT_NOW,0.109090909090909,,,41.0,20.0,False,EXCLUDED,NO_MATCH_WITHIN_HORIZON
2022 :: Canadian Grand Prix,LEC,34,PIT_NOW,0.109090909090909,,,41.0,7.0,False,EXCLUDED,NO_MATCH_WITHIN_HORIZON
2022 :: Canadian Grand Prix,LEC,37,PIT_NOW,0.109090909090909,,,41.0,4.0,False,EXCLUDED,NO_MATCH_WITHIN_HORIZON
2022 :: Canadian Grand Prix,LEC,39,PIT_NOW,0.109090909090909,41.0,2.0,41.0,2.0,True,EXCLUDED,UNRESOLVED_INCIDENT_FILTER
2022 :: Canadian Grand Prix,MAG,30,PIT_NOW,0.109090909090909,,,,,False,EXCLUDED,NO_MATCH_WITHIN_HORIZON
2022 :: Canadian Grand Prix,MAG,31,PIT_NOW,0.109090909090909,,,,,False,EXCLUDED,NO_MATCH_WITHIN_HORIZON
2022 :: Canadian Grand Prix,MAG,32,PIT_NOW,0.109090909090909,,,,,False,EXCLUDED,NO_MATCH_WITHIN_HORIZON
2022 :: Canadian Grand Prix,MAG,33,PIT_NOW,0.109090909090909,,,,,False,EXCLUDED,NO_MATCH_WITHIN_HORIZON
2022 :: Canadian Grand Prix,MAG,34,PIT_NOW,0.109090909090909,,,,,False,EXCLUDED,NO_MATCH_WITHIN_HORIZON
2022 :: Canadian Grand Prix,MAG,35,PIT_NOW,0.109090909090909,,,,,False,EXCLUDED,NO_MATCH_WITHIN_HORIZON
2022 :: Canadian Grand Prix,MAG,43,PIT_NOW,0.109090909090909,,,,,False,EXCLUDED,NO_MATCH_WITHIN_HORIZON
2022 :: Canadian Grand Prix,MAG,44,PIT_NOW,0.109090909090909,,,,,False,EXCLUDED,NO_MATCH_WITHIN_HORIZON
2022 :: Canadian Grand Prix,MAG,46,PIT_NOW,0.109090909090909,,,,,False,EXCLUDED,NO_MATCH_WITHIN_HORIZON
2022 :: Canadian Grand Prix,MAG,47,PIT_NOW,0.109090909090909,,,,,False,EXCLUDED,NO_MATCH_WITHIN_HORIZON
2022 :: Canadian Grand Prix,MAG,56,PIT_NOW,0.109090909090909,,,,,False,EXCLUDED,NO_MATCH_WITHIN_HORIZON
2022 :: Canadian Grand Prix,MAG,62,PIT_NOW,0.109090909090909,,,,,False,EXCLUDED,NO_MATCH_WITHIN_HORIZON
2022 :: Canadian Grand Prix,MSC,17,PIT_NOW,0.109090909090909,,,,,False,EXCLUDED,NO_MATCH_WITHIN_HORIZON
2022 :: Canadian Grand Prix,NOR,18,PIT_NOW,0.109090909090909,19.0,1.0,19.0,1.0,True,EXCLUDED,UNRESOLVED_MISSING_POST_GAP
2022 :: Canadian Grand Prix,NOR,36,PIT_NOW,0.109090909090909,,,42.0,6.0,False,EXCLUDED,NO_MATCH_WITHIN_HORIZON
2022 :: Canadian Grand Prix,OCO,35,PIT_NOW,0.109090909090909,,,49.0,14.0,False,EXCLUDED,NO_MATCH_WITHIN_HORIZON
2022 :: Canadian Grand Prix,OCO,44,PIT_NOW,0.109090909090909,,,49.0,5.0,False,EXCLUDED,NO_MATCH_WITHIN_HORIZON
2022 :: Canadian Grand Prix,OCO,45,PIT_NOW,0.109090909090909,,,49.0,4.0,False,EXCLUDED,NO_MATCH_WITHIN_HORIZON
2022 :: Canadian Grand Prix,OCO,46,PIT_NOW,0.109090909090909,,,49.0,3.0,False,EXCLUDED,NO_MATCH_WITHIN_HORIZON
2022 :: Canadian Grand Prix,RIC,16,PIT_NOW,0.109090909090909,,,19.0,3.0,False,EXCLUDED,NO_MATCH_WITHIN_HORIZON
2022 :: Canadian Grand Prix,RIC,17,PIT_NOW,0.109090909090909,19.0,2.0,19.0,2.0,True,EXCLUDED,UNRESOLVED_MISSING_POST_GAP
2022 :: Canadian Grand Prix,RIC,18,PIT_NOW,0.109090909090909,,,19.0,1.0,True,EXCLUDED,NO_MATCH_WITHIN_HORIZON
2022 :: Canadian Grand Prix,RIC,30,PIT_NOW,0.109090909090909,,,49.0,19.0,False,EXCLUDED,NO_MATCH_WITHIN_HORIZON
2022 :: Canadian Grand Prix,RIC,47,PIT_NOW,0.109090909090909,49.0,2.0,49.0,2.0,True,0,
2022 :: Canadian Grand Prix,RIC,63,PIT_NOW,0.109090909090909,,,,,False,EXCLUDED,NO_MATCH_WITHIN_HORIZON
2022 :: Canadian Grand Prix,SAI,43,PIT_NOW,0.109090909090909,,,49.0,6.0,False,EXCLUDED,NO_MATCH_WITHIN_HORIZON
2022 :: Canadian Grand Prix,SAI,44,PIT_NOW,0.109090909090909,,,49.0,5.0,False,EXCLUDED,NO_MATCH_WITHIN_HORIZON
2022 :: Canadian Grand Prix,SAI,46,PIT_NOW,0.109090909090909,,,49.0,3.0,False,EXCLUDED,NO_MATCH_WITHIN_HORIZON
2022 :: Canadian Grand Prix,STR,28,PIT_NOW,0.109090909090909,,,47.0,19.0,False,EXCLUDED,NO_MATCH_WITHIN_HORIZON
2022 :: Canadian Grand Prix,STR,29,PIT_NOW,0.109090909090909,,,47.0,18.0,False,EXCLUDED,NO_MATCH_WITHIN_HORIZON
2022 :: Canadian Grand Prix,STR,30,PIT_NOW,0.109090909090909,,,47.0,17.0,False,EXCLUDED,NO_MATCH_WITHIN_HORIZON
2022 :: Canadian Grand Prix,STR,31,PIT_NOW,0.109090909090909,,,47.0,16.0,False,EXCLUDED,NO_MATCH_WITHIN_HORIZON
2022 :: Canadian Grand Prix,STR,32,PIT_NOW,0.109090909090909,,,47.0,15.0,False,EXCLUDED,NO_MATCH_WITHIN_HORIZON
2022 :: Canadian Grand Prix,STR,33,PIT_NOW,0.109090909090909,,,47.0,14.0,False,EXCLUDED,NO_MATCH_WITHIN_HORIZON
2022 :: Canadian Grand Prix,STR,34,PIT_NOW,0.109090909090909,,,47.0,13.0,False,EXCLUDED,NO_MATCH_WITHIN_HORIZON
2022 :: Canadian Grand Prix,STR,35,PIT_NOW,0.109090909090909,,,47.0,12.0,False,EXCLUDED,NO_MATCH_WITHIN_HORIZON
2022 :: Canadian Grand Prix,STR,37,PIT_NOW,0.109090909090909,,,47.0,10.0,False,EXCLUDED,NO_MATCH_WITHIN_HORIZON
2022 :: Canadian Grand Prix,STR,38,PIT_NOW,0.109090909090909,,,47.0,9.0,False,EXCLUDED,NO_MATCH_WITHIN_HORIZON
2022 :: Canadian Grand Prix,STR,39,PIT_NOW,0.109090909090909,,,47.0,8.0,False,EXCLUDED,NO_MATCH_WITHIN_HORIZON
2022 :: Canadian Grand Prix,STR,40,PIT_NOW,0.109090909090909,,,47.0,7.0,False,EXCLUDED,NO_MATCH_WITHIN_HORIZON
2022 :: Canadian Grand Prix,STR,43,PIT_NOW,0.109090909090909,,,47.0,4.0,False,EXCLUDED,NO_MATCH_WITHIN_HORIZON
2022 :: Canadian Grand Prix,STR,44,PIT_NOW,0.109090909090909,,,47.0,3.0,False,EXCLUDED,NO_MATCH_WITHIN_HORIZON
2022 :: Canadian Grand Prix,STR,45,PIT_NOW,0.109090909090909,47.0,2.0,47.0,2.0,True,1,
2022 :: Canadian Grand Prix,STR,46,PIT_NOW,0.109090909090909,,,47.0,1.0,True,EXCLUDED,NO_MATCH_WITHIN_HORIZON
2022 :: Canadian Grand Prix,VET,39,PIT_NOW,0.109090909090909,,,,,False,EXCLUDED,NO_MATCH_WITHIN_HORIZON
2022 :: Canadian Grand Prix,VET,45,PIT_NOW,0.109090909090909,,,,,False,EXCLUDED,NO_MATCH_WITHIN_HORIZON
2022 :: Canadian Grand Prix,VET,46,PIT_NOW,0.109090909090909,,,,,False,EXCLUDED,NO_MATCH_WITHIN_HORIZON
2022 :: Canadian Grand Prix,VET,47,PIT_NOW,0.109090909090909,,,,,False,EXCLUDED,NO_MATCH_WITHIN_HORIZON
2022 :: Canadian Grand Prix,VET,56,PIT_NOW,0.109090909090909,,,,,False,EXCLUDED,NO_MATCH_WITHIN_HORIZON
2022 :: Canadian Grand Prix,ZHO,17,PIT_NOW,0.109090909090909,19.0,2.0,19.0,2.0,True,1,
2022 :: Canadian Grand Prix,ZHO,34,PIT_NOW,0.109090909090909,,,49.0,15.0,False,EXCLUDED,NO_MATCH_WITHIN_HORIZON
2022 :: Canadian Grand Prix,ZHO,45,PIT_NOW,0.109090909090909,,,49.0,4.0,False,EXCLUDED,NO_MATCH_WITHIN_HORIZON
2022 :: Canadian Grand Prix,ZHO,46,PIT_NOW,0.109090909090909,,,49.0,3.0,False,EXCLUDED,NO_MATCH_WITHIN_HORIZON
2022 :: Canadian Grand Prix,ZHO,47,PIT_NOW,0.109090909090909,49.0,2.0,49.0,2.0,True,1,
2022 :: Dutch Grand Prix,BOT,10,PIT_NOW,0.3333333333333333,,,16.0,6.0,False,EXCLUDED,NO_MATCH_WITHIN_HORIZON
2022 :: Dutch Grand Prix,HAM,18,PIT_NOW,0.3322499395508637,,,29.0,11.0,False,EXCLUDED,NO_MATCH_WITHIN_HORIZON
2022 :: Dutch Grand Prix,HAM,28,PIT_NOW,0.3333333333333333,29.0,1.0,29.0,1.0,True,1,
2022 :: Dutch Grand Prix,LEC,13,PIT_NOW,0.3333333333333333,,,17.0,4.0,False,EXCLUDED,NO_MATCH_WITHIN_HORIZON
2022 :: Dutch Grand Prix,LEC,14,PIT_NOW,0.3333333333333333,,,17.0,3.0,False,EXCLUDED,NO_MATCH_WITHIN_HORIZON
2022 :: Dutch Grand Prix,LEC,15,PIT_NOW,0.3333333333333333,17.0,2.0,17.0,2.0,True,1,
2022 :: Dutch Grand Prix,LEC,16,PIT_NOW,0.3333333333333333,,,17.0,1.0,True,EXCLUDED,NO_MATCH_WITHIN_HORIZON
2022 :: Dutch Grand Prix,PER,13,PIT_NOW,0.3333333333333333,14.0,1.0,14.0,1.0,True,1,
2022 :: Dutch Grand Prix,VER,43,PIT_NOW,0.3333333333333333,,,48.0,5.0,False,EXCLUDED,NO_MATCH_WITHIN_HORIZON
2022 :: Emilia Romagna Grand Prix,LEC,14,PIT_NOW,0.1666666666666666,,,19.0,5.0,False,EXCLUDED,NO_MATCH_WITHIN_HORIZON
2022 :: Emilia Romagna Grand Prix,LEC,18,PIT_NOW,0.1666666666666666,19.0,1.0,19.0,1.0,True,0,
2022 :: Emilia Romagna Grand Prix,MAG,16,PIT_NOW,0.1666666666666666,18.0,2.0,18.0,2.0,True,1,
2022 :: Emilia Romagna Grand Prix,NOR,15,PIT_NOW,0.163338402028089,,,19.0,4.0,False,EXCLUDED,NO_MATCH_WITHIN_HORIZON
2022 :: Emilia Romagna Grand Prix,PER,16,PIT_NOW,0.1666666666666666,18.0,2.0,18.0,2.0,True,1,
2022 :: Emilia Romagna Grand Prix,PER,17,PIT_NOW,0.1666666666666666,,,18.0,1.0,True,EXCLUDED,NO_MATCH_WITHIN_HORIZON
2022 :: Emilia Romagna Grand Prix,RUS,16,PIT_NOW,0.1666666666666666,18.0,2.0,18.0,2.0,True,1,
2022 :: Emilia Romagna Grand Prix,RUS,17,PIT_NOW,0.1666666666666666,,,18.0,1.0,True,EXCLUDED,NO_MATCH_WITHIN_HORIZON
2022 :: Emilia Romagna Grand Prix,TSU,13,PIT_NOW,0.1666666666666666,,,18.0,5.0,False,EXCLUDED,NO_MATCH_WITHIN_HORIZON
2022 :: Emilia Romagna Grand Prix,VER,17,PIT_NOW,0.1666666666666666,19.0,2.0,19.0,2.0,True,1,
2022 :: French Grand Prix,ALB,10,PIT_NOW,0.1647058823529411,,,18.0,8.0,False,EXCLUDED,NO_MATCH_WITHIN_HORIZON
2022 :: French Grand Prix,ALB,11,PIT_NOW,0.1647058823529411,,,18.0,7.0,False,EXCLUDED,NO_MATCH_WITHIN_HORIZON
2022 :: French Grand Prix,ALB,15,PIT_NOW,0.1647058823529411,,,18.0,3.0,False,EXCLUDED,NO_MATCH_WITHIN_HORIZON
2022 :: French Grand Prix,ALB,16,PIT_NOW,0.1647058823529411,18.0,2.0,18.0,2.0,True,0,
2022 :: French Grand Prix,ALB,17,PIT_NOW,0.1647058823529411,,,18.0,1.0,True,EXCLUDED,NO_MATCH_WITHIN_HORIZON
2022 :: French Grand Prix,ALB,35,PIT_NOW,0.1647058823529411,,,,,False,EXCLUDED,NO_MATCH_WITHIN_HORIZON
2022 :: French Grand Prix,ALO,11,PIT_NOW,0.1647058823529411,,,18.0,7.0,False,EXCLUDED,NO_MATCH_WITHIN_HORIZON
2022 :: French Grand Prix,ALO,12,PIT_NOW,0.1647058823529411,,,18.0,6.0,False,EXCLUDED,NO_MATCH_WITHIN_HORIZON
2022 :: French Grand Prix,ALO,13,PIT_NOW,0.1647058823529411,,,18.0,5.0,False,EXCLUDED,NO_MATCH_WITHIN_HORIZON
2022 :: French Grand Prix,ALO,14,PIT_NOW,0.1647058823529411,,,18.0,4.0,False,EXCLUDED,NO_MATCH_WITHIN_HORIZON
2022 :: French Grand Prix,ALO,17,PIT_NOW,0.1647058823529411,18.0,1.0,18.0,1.0,True,0,
2022 :: French Grand Prix,ALO,33,PIT_NOW,0.1647058823529411,,,,,False,EXCLUDED,NO_MATCH_WITHIN_HORIZON
2022 :: French Grand Prix,ALO,34,PIT_NOW,0.1647058823529411,,,,,False,EXCLUDED,NO_MATCH_WITHIN_HORIZON
2022 :: French Grand Prix,ALO,35,PIT_NOW,0.1647058823529411,,,,,False,EXCLUDED,NO_MATCH_WITHIN_HORIZON
2022 :: French Grand Prix,ALO,36,PIT_NOW,0.1647058823529411,,,,,False,EXCLUDED,NO_MATCH_WITHIN_HORIZON
2022 :: French Grand Prix,ALO,37,PIT_NOW,0.1647058823529411,,,,,False,EXCLUDED,NO_MATCH_WITHIN_HORIZON
2022 :: French Grand Prix,ALO,39,PIT_NOW,0.1647058823529411,,,,,False,EXCLUDED,NO_MATCH_WITHIN_HORIZON
2022 :: French Grand Prix,ALO,41,PIT_NOW,0.1647058823529411,,,,,False,EXCLUDED,NO_MATCH_WITHIN_HORIZON
2022 :: French Grand Prix,BOT,8,PIT_NOW,0.1647058823529411,,,18.0,10.0,False,EXCLUDED,NO_MATCH_WITHIN_HORIZON
2022 :: French Grand Prix,BOT,15,PIT_NOW,0.1647058823529411,,,18.0,3.0,False,EXCLUDED,NO_MATCH_WITHIN_HORIZON
2022 :: French Grand Prix,BOT,16,PIT_NOW,0.1647058823529411,18.0,2.0,18.0,2.0,True,1,
2022 :: French Grand Prix,BOT,17,PIT_NOW,0.1647058823529411,,,18.0,1.0,True,EXCLUDED,NO_MATCH_WITHIN_HORIZON
2022 :: French Grand Prix,HAM,14,PIT_NOW,0.1647058823529411,,,18.0,4.0,False,EXCLUDED,NO_MATCH_WITHIN_HORIZON
2022 :: French Grand Prix,HAM,15,PIT_NOW,0.1647058823529411,,,18.0,3.0,False,EXCLUDED,NO_MATCH_WITHIN_HORIZON
2022 :: French Grand Prix,HAM,16,PIT_NOW,0.1647058823529411,18.0,2.0,18.0,2.0,True,1,
2022 :: French Grand Prix,HAM,17,PIT_NOW,0.1647058823529411,,,18.0,1.0,True,EXCLUDED,NO_MATCH_WITHIN_HORIZON
2022 :: French Grand Prix,HAM,36,PIT_NOW,0.1647058823529411,,,,,False,EXCLUDED,NO_MATCH_WITHIN_HORIZON
2022 :: French Grand Prix,HAM,39,PIT_NOW,0.1647058823529411,,,,,False,EXCLUDED,NO_MATCH_WITHIN_HORIZON
2022 :: French Grand Prix,LAT,13,PIT_NOW,0.1647058823529411,,,19.0,6.0,False,EXCLUDED,NO_MATCH_WITHIN_HORIZON
2022 :: French Grand Prix,LAT,15,PIT_NOW,0.1647058823529411,,,19.0,4.0,False,EXCLUDED,NO_MATCH_WITHIN_HORIZON
2022 :: French Grand Prix,LAT,16,PIT_NOW,0.1647058823529411,,,19.0,3.0,False,EXCLUDED,NO_MATCH_WITHIN_HORIZON
2022 :: French Grand Prix,LAT,17,PIT_NOW,0.1647058823529411,19.0,2.0,19.0,2.0,True,EXCLUDED,UNRESOLVED_MISSING_POST_GAP
2022 :: French Grand Prix,LEC,15,PIT_NOW,0.1647058823529411,,,,,False,EXCLUDED,NO_MATCH_WITHIN_HORIZON
2022 :: French Grand Prix,LEC,16,PIT_NOW,0.1647058823529411,,,,,False,EXCLUDED,NO_MATCH_WITHIN_HORIZON
2022 :: French Grand Prix,LEC,17,PIT_NOW,0.1647058823529411,,,,,False,EXCLUDED,NO_MATCH_WITHIN_HORIZON
2022 :: French Grand Prix,MSC,38,PIT_NOW,0.1647058823529411,,,,,False,EXCLUDED,NO_MATCH_WITHIN_HORIZON
2022 :: French Grand Prix,NOR,11,PIT_NOW,0.1647058823529411,,,18.0,7.0,False,EXCLUDED,NO_MATCH_WITHIN_HORIZON
2022 :: French Grand Prix,NOR,12,PIT_NOW,0.1647058823529411,,,18.0,6.0,False,EXCLUDED,NO_MATCH_WITHIN_HORIZON
2022 :: French Grand Prix,NOR,13,PIT_NOW,0.1647058823529411,,,18.0,5.0,False,EXCLUDED,NO_MATCH_WITHIN_HORIZON
2022 :: French Grand Prix,NOR,14,PIT_NOW,0.1647058823529411,,,18.0,4.0,False,EXCLUDED,NO_MATCH_WITHIN_HORIZON
2022 :: French Grand Prix,NOR,15,PIT_NOW,0.1647058823529411,,,18.0,3.0,False,EXCLUDED,NO_MATCH_WITHIN_HORIZON
2022 :: French Grand Prix,NOR,16,PIT_NOW,0.1647058823529411,18.0,2.0,18.0,2.0,True,EXCLUDED,UNRESOLVED_MISSING_POST_GAP
2022 :: French Grand Prix,NOR,17,PIT_NOW,0.1647058823529411,,,18.0,1.0,True,EXCLUDED,NO_MATCH_WITHIN_HORIZON
2022 :: French Grand Prix,OCO,11,PIT_NOW,0.1647058823529411,,,18.0,7.0,False,EXCLUDED,NO_MATCH_WITHIN_HORIZON
2022 :: French Grand Prix,OCO,12,PIT_NOW,0.1647058823529411,,,18.0,6.0,False,EXCLUDED,NO_MATCH_WITHIN_HORIZON
2022 :: French Grand Prix,OCO,13,PIT_NOW,0.1647058823529411,,,18.0,5.0,False,EXCLUDED,NO_MATCH_WITHIN_HORIZON
2022 :: French Grand Prix,OCO,14,PIT_NOW,0.1647058823529411,,,18.0,4.0,False,EXCLUDED,NO_MATCH_WITHIN_HORIZON
2022 :: French Grand Prix,OCO,15,PIT_NOW,0.1647058823529411,,,18.0,3.0,False,EXCLUDED,NO_MATCH_WITHIN_HORIZON
2022 :: French Grand Prix,OCO,16,PIT_NOW,0.1647058823529411,18.0,2.0,18.0,2.0,True,0,
2022 :: French Grand Prix,OCO,17,PIT_NOW,0.1647058823529411,,,18.0,1.0,True,EXCLUDED,NO_MATCH_WITHIN_HORIZON
2022 :: French Grand Prix,OCO,40,PIT_NOW,0.1647058823529411,,,,,False,EXCLUDED,NO_MATCH_WITHIN_HORIZON
2022 :: French Grand Prix,PER,15,PIT_NOW,0.1647058823529411,,,18.0,3.0,False,EXCLUDED,NO_MATCH_WITHIN_HORIZON
2022 :: French Grand Prix,PER,16,PIT_NOW,0.1647058823529411,18.0,2.0,18.0,2.0,True,0,
2022 :: French Grand Prix,PER,17,PIT_NOW,0.1647058823529411,,,18.0,1.0,True,EXCLUDED,NO_MATCH_WITHIN_HORIZON
2022 :: French Grand Prix,PER,35,PIT_NOW,0.1647058823529411,,,,,False,EXCLUDED,NO_MATCH_WITHIN_HORIZON
2022 :: French Grand Prix,PER,36,PIT_NOW,0.1647058823529411,,,,,False,EXCLUDED,NO_MATCH_WITHIN_HORIZON
2022 :: French Grand Prix,PER,37,PIT_NOW,0.1647058823529411,,,,,False,EXCLUDED,NO_MATCH_WITHIN_HORIZON
2022 :: French Grand Prix,PER,39,PIT_NOW,0.1647058823529411,,,,,False,EXCLUDED,NO_MATCH_WITHIN_HORIZON
2022 :: French Grand Prix,PER,40,PIT_NOW,0.1647058823529411,,,,,False,EXCLUDED,NO_MATCH_WITHIN_HORIZON
2022 :: French Grand Prix,PER,41,PIT_NOW,0.1647058823529411,,,,,False,EXCLUDED,NO_MATCH_WITHIN_HORIZON
2022 :: French Grand Prix,RIC,11,PIT_NOW,0.1647058823529411,,,18.0,7.0,False,EXCLUDED,NO_MATCH_WITHIN_HORIZON
2022 :: French Grand Prix,RIC,12,PIT_NOW,0.1647058823529411,,,18.0,6.0,False,EXCLUDED,NO_MATCH_WITHIN_HORIZON
2022 :: French Grand Prix,RIC,13,PIT_NOW,0.1647058823529411,,,18.0,5.0,False,EXCLUDED,NO_MATCH_WITHIN_HORIZON
2022 :: French Grand Prix,RIC,14,PIT_NOW,0.1647058823529411,,,18.0,4.0,False,EXCLUDED,NO_MATCH_WITHIN_HORIZON
2022 :: French Grand Prix,RIC,15,PIT_NOW,0.1647058823529411,,,18.0,3.0,False,EXCLUDED,NO_MATCH_WITHIN_HORIZON
2022 :: French Grand Prix,RIC,16,PIT_NOW,0.1647058823529411,18.0,2.0,18.0,2.0,True,1,
2022 :: French Grand Prix,RIC,17,PIT_NOW,0.1647058823529411,,,18.0,1.0,True,EXCLUDED,NO_MATCH_WITHIN_HORIZON
2022 :: French Grand Prix,RIC,39,PIT_NOW,0.1647058823529411,,,,,False,EXCLUDED,NO_MATCH_WITHIN_HORIZON
2022 :: French Grand Prix,RIC,40,PIT_NOW,0.1647058823529411,,,,,False,EXCLUDED,NO_MATCH_WITHIN_HORIZON
2022 :: French Grand Prix,RUS,15,PIT_NOW,0.1647058823529411,,,18.0,3.0,False,EXCLUDED,NO_MATCH_WITHIN_HORIZON
2022 :: French Grand Prix,RUS,17,PIT_NOW,0.1647058823529411,18.0,1.0,18.0,1.0,True,0,
2022 :: French Grand Prix,RUS,36,PIT_NOW,0.1647058823529411,,,,,False,EXCLUDED,NO_MATCH_WITHIN_HORIZON
2022 :: French Grand Prix,RUS,38,PIT_NOW,0.1647058823529411,,,,,False,EXCLUDED,NO_MATCH_WITHIN_HORIZON
2022 :: French Grand Prix,RUS,39,PIT_NOW,0.1647058823529411,,,,,False,EXCLUDED,NO_MATCH_WITHIN_HORIZON
2022 :: French Grand Prix,RUS,40,PIT_NOW,0.1647058823529411,,,,,False,EXCLUDED,NO_MATCH_WITHIN_HORIZON
2022 :: French Grand Prix,RUS,41,PIT_NOW,0.1647058823529411,,,,,False,EXCLUDED,NO_MATCH_WITHIN_HORIZON
2022 :: French Grand Prix,SAI,11,PIT_NOW,0.1647058823529411,,,18.0,7.0,False,EXCLUDED,NO_MATCH_WITHIN_HORIZON
2022 :: French Grand Prix,SAI,12,PIT_NOW,0.1647058823529411,,,18.0,6.0,False,EXCLUDED,NO_MATCH_WITHIN_HORIZON
2022 :: French Grand Prix,SAI,13,PIT_NOW,0.1647058823529411,,,18.0,5.0,False,EXCLUDED,NO_MATCH_WITHIN_HORIZON
2022 :: French Grand Prix,SAI,14,PIT_NOW,0.1647058823529411,,,18.0,4.0,False,EXCLUDED,NO_MATCH_WITHIN_HORIZON
2022 :: French Grand Prix,SAI,15,PIT_NOW,0.1647058823529411,,,18.0,3.0,False,EXCLUDED,NO_MATCH_WITHIN_HORIZON
2022 :: French Grand Prix,SAI,16,PIT_NOW,0.1647058823529411,18.0,2.0,18.0,2.0,True,1,
2022 :: French Grand Prix,STR,11,PIT_NOW,0.1647058823529411,,,18.0,7.0,False,EXCLUDED,NO_MATCH_WITHIN_HORIZON
2022 :: French Grand Prix,STR,12,PIT_NOW,0.1647058823529411,,,18.0,6.0,False,EXCLUDED,NO_MATCH_WITHIN_HORIZON
2022 :: French Grand Prix,STR,14,PIT_NOW,0.1647058823529411,,,18.0,4.0,False,EXCLUDED,NO_MATCH_WITHIN_HORIZON
2022 :: French Grand Prix,STR,15,PIT_NOW,0.1647058823529411,,,18.0,3.0,False,EXCLUDED,NO_MATCH_WITHIN_HORIZON
2022 :: French Grand Prix,STR,16,PIT_NOW,0.1647058823529411,18.0,2.0,18.0,2.0,True,1,
2022 :: French Grand Prix,STR,17,PIT_NOW,0.1647058823529411,,,18.0,1.0,True,EXCLUDED,NO_MATCH_WITHIN_HORIZON
2022 :: French Grand Prix,STR,36,PIT_NOW,0.1647058823529411,,,,,False,EXCLUDED,NO_MATCH_WITHIN_HORIZON
2022 :: French Grand Prix,STR,37,PIT_NOW,0.1647058823529411,,,,,False,EXCLUDED,NO_MATCH_WITHIN_HORIZON
2022 :: French Grand Prix,STR,38,PIT_NOW,0.1647058823529411,,,,,False,EXCLUDED,NO_MATCH_WITHIN_HORIZON
2022 :: French Grand Prix,STR,39,PIT_NOW,0.1647058823529411,,,,,False,EXCLUDED,NO_MATCH_WITHIN_HORIZON
2022 :: French Grand Prix,VER,14,PIT_NOW,0.1647058823529411,16.0,2.0,16.0,2.0,True,EXCLUDED,UNRESOLVED_MISSING_POST_GAP
2022 :: French Grand Prix,VER,15,PIT_NOW,0.1647058823529411,,,16.0,1.0,True,EXCLUDED,NO_MATCH_WITHIN_HORIZON
2022 :: French Grand Prix,VET,10,PIT_NOW,0.1647058823529411,,,19.0,9.0,False,EXCLUDED,NO_MATCH_WITHIN_HORIZON
2022 :: French Grand Prix,VET,11,PIT_NOW,0.1647058823529411,,,19.0,8.0,False,EXCLUDED,NO_MATCH_WITHIN_HORIZON
2022 :: French Grand Prix,VET,12,PIT_NOW,0.1647058823529411,,,19.0,7.0,False,EXCLUDED,NO_MATCH_WITHIN_HORIZON
2022 :: French Grand Prix,VET,13,PIT_NOW,0.1647058823529411,,,19.0,6.0,False,EXCLUDED,NO_MATCH_WITHIN_HORIZON
2022 :: French Grand Prix,VET,14,PIT_NOW,0.1647058823529411,,,19.0,5.0,False,EXCLUDED,NO_MATCH_WITHIN_HORIZON
2022 :: French Grand Prix,VET,15,PIT_NOW,0.1647058823529411,,,19.0,4.0,False,EXCLUDED,NO_MATCH_WITHIN_HORIZON
2022 :: French Grand Prix,VET,16,PIT_NOW,0.1647058823529411,,,19.0,3.0,False,EXCLUDED,NO_MATCH_WITHIN_HORIZON
2022 :: French Grand Prix,VET,17,PIT_NOW,0.1647058823529411,19.0,2.0,19.0,2.0,True,EXCLUDED,UNRESOLVED_MISSING_POST_GAP
2022 :: French Grand Prix,VET,40,PIT_NOW,0.1647058823529411,,,,,False,EXCLUDED,NO_MATCH_WITHIN_HORIZON
2022 :: French Grand Prix,ZHO,40,PIT_NOW,0.1647058823529411,,,,,False,EXCLUDED,NO_MATCH_WITHIN_HORIZON
2022 :: Hungarian Grand Prix,ALO,18,PIT_NOW,0.1538461538461538,,,21.0,3.0,False,EXCLUDED,NO_MATCH_WITHIN_HORIZON
2022 :: Hungarian Grand Prix,ALO,19,PIT_NOW,0.1538461538461538,21.0,2.0,21.0,2.0,True,1,
2022 :: Hungarian Grand Prix,ALO,20,PIT_NOW,0.1538461538461538,,,21.0,1.0,True,EXCLUDED,NO_MATCH_WITHIN_HORIZON
2022 :: Hungarian Grand Prix,ALO,46,PIT_NOW,0.1538461538461538,,,,,False,EXCLUDED,NO_MATCH_WITHIN_HORIZON
2022 :: Hungarian Grand Prix,BOT,15,PIT_NOW,0.1538461538461538,,,26.0,11.0,False,EXCLUDED,NO_MATCH_WITHIN_HORIZON
2022 :: Hungarian Grand Prix,BOT,20,PIT_NOW,0.1538461538461538,,,26.0,6.0,False,EXCLUDED,NO_MATCH_WITHIN_HORIZON
2022 :: Hungarian Grand Prix,BOT,21,PIT_NOW,0.1538461538461538,,,26.0,5.0,False,EXCLUDED,NO_MATCH_WITHIN_HORIZON
2022 :: Hungarian Grand Prix,BOT,22,PIT_NOW,0.1538461538461538,,,26.0,4.0,False,EXCLUDED,NO_MATCH_WITHIN_HORIZON
2022 :: Hungarian Grand Prix,HAM,17,PIT_NOW,0.1538461538461538,19.0,2.0,19.0,2.0,True,1,
2022 :: Hungarian Grand Prix,HAM,18,PIT_NOW,0.1538461538461538,,,19.0,1.0,True,EXCLUDED,NO_MATCH_WITHIN_HORIZON
2022 :: Hungarian Grand Prix,HAM,49,PIT_NOW,0.1538461538461538,51.0,2.0,51.0,2.0,True,1,
2022 :: Hungarian Grand Prix,HAM,50,PIT_NOW,0.1538461538461538,,,51.0,1.0,True,EXCLUDED,NO_MATCH_WITHIN_HORIZON
2022 :: Hungarian Grand Prix,MSC,19,PIT_NOW,0.1538461538461538,21.0,2.0,21.0,2.0,True,0,
2022 :: Hungarian Grand Prix,MSC,20,PIT_NOW,0.1538461538461538,,,21.0,1.0,True,EXCLUDED,NO_MATCH_WITHIN_HORIZON
2022 :: Hungarian Grand Prix,NOR,34,PIT_NOW,0.1538461538461538,,,42.0,8.0,False,EXCLUDED,NO_MATCH_WITHIN_HORIZON
2022 :: Hungarian Grand Prix,NOR,39,PIT_NOW,0.1538461538461538,,,42.0,3.0,False,EXCLUDED,NO_MATCH_WITHIN_HORIZON
2022 :: Hungarian Grand Prix,OCO,14,PIT_NOW,0.1538461538461538,,,23.0,9.0,False,EXCLUDED,NO_MATCH_WITHIN_HORIZON
2022 :: Hungarian Grand Prix,OCO,17,PIT_NOW,0.1538461538461538,,,23.0,6.0,False,EXCLUDED,NO_MATCH_WITHIN_HORIZON
2022 :: Hungarian Grand Prix,OCO,18,PIT_NOW,0.1538461538461538,,,23.0,5.0,False,EXCLUDED,NO_MATCH_WITHIN_HORIZON
2022 :: Hungarian Grand Prix,OCO,19,PIT_NOW,0.1538461538461538,,,23.0,4.0,False,EXCLUDED,NO_MATCH_WITHIN_HORIZON
2022 :: Hungarian Grand Prix,OCO,21,PIT_NOW,0.1538461538461538,23.0,2.0,23.0,2.0,True,EXCLUDED,UNRESOLVED_INCIDENT_FILTER
2022 :: Hungarian Grand Prix,OCO,22,PIT_NOW,0.1538461538461538,,,23.0,1.0,True,EXCLUDED,NO_MATCH_WITHIN_HORIZON
2022 :: Hungarian Grand Prix,OCO,52,PIT_NOW,0.1538461538461538,,,,,False,EXCLUDED,NO_MATCH_WITHIN_HORIZON
2022 :: Hungarian Grand Prix,OCO,53,PIT_NOW,0.1538461538461538,,,,,False,EXCLUDED,NO_MATCH_WITHIN_HORIZON
2022 :: Hungarian Grand Prix,PER,12,PIT_NOW,0.1538461538461538,,,18.0,6.0,False,EXCLUDED,NO_MATCH_WITHIN_HORIZON
2022 :: Hungarian Grand Prix,PER,15,PIT_NOW,0.1538461538461538,,,18.0,3.0,False,EXCLUDED,NO_MATCH_WITHIN_HORIZON
2022 :: Hungarian Grand Prix,PER,16,PIT_NOW,0.1538461538461538,18.0,2.0,18.0,2.0,True,1,
2022 :: Hungarian Grand Prix,PER,17,PIT_NOW,0.1538461538461538,,,18.0,1.0,True,EXCLUDED,NO_MATCH_WITHIN_HORIZON
2022 :: Hungarian Grand Prix,RIC,37,PIT_NOW,0.1538461538461538,,,46.0,9.0,False,EXCLUDED,NO_MATCH_WITHIN_HORIZON
2022 :: Hungarian Grand Prix,RIC,40,PIT_NOW,0.1538461538461538,,,46.0,6.0,False,EXCLUDED,NO_MATCH_WITHIN_HORIZON
2022 :: Hungarian Grand Prix,RIC,42,PIT_NOW,0.1538461538461538,,,46.0,4.0,False,EXCLUDED,NO_MATCH_WITHIN_HORIZON
2022 :: Hungarian Grand Prix,RIC,43,PIT_NOW,0.1538461538461538,,,46.0,3.0,False,EXCLUDED,NO_MATCH_WITHIN_HORIZON
2022 :: Hungarian Grand Prix,RUS,37,PIT_NOW,0.1538461538461538,39.0,2.0,39.0,2.0,True,0,
2022 :: Hungarian Grand Prix,SAI,39,PIT_NOW,0.1538461538461538,,,47.0,8.0,False,EXCLUDED,NO_MATCH_WITHIN_HORIZON
2022 :: Hungarian Grand Prix,SAI,42,PIT_NOW,0.1538461538461538,,,47.0,5.0,False,EXCLUDED,NO_MATCH_WITHIN_HORIZON
2022 :: Hungarian Grand Prix,SAI,45,PIT_NOW,0.1538461538461538,47.0,2.0,47.0,2.0,True,EXCLUDED,UNRESOLVED_INCIDENT_FILTER
2022 :: Hungarian Grand Prix,SAI,46,PIT_NOW,0.1538461538461538,,,47.0,1.0,True,EXCLUDED,NO_MATCH_WITHIN_HORIZON
2022 :: Hungarian Grand Prix,STR,39,PIT_NOW,0.1538461538461538,,,46.0,7.0,False,EXCLUDED,NO_MATCH_WITHIN_HORIZON
2022 :: Hungarian Grand Prix,STR,40,PIT_NOW,0.1538461538461538,,,46.0,6.0,False,EXCLUDED,NO_MATCH_WITHIN_HORIZON
2022 :: Hungarian Grand Prix,STR,41,PIT_NOW,0.1538461538461538,,,46.0,5.0,False,EXCLUDED,NO_MATCH_WITHIN_HORIZON
2022 :: Hungarian Grand Prix,STR,42,PIT_NOW,0.1538461538461538,,,46.0,4.0,False,EXCLUDED,NO_MATCH_WITHIN_HORIZON
2022 :: Hungarian Grand Prix,STR,43,PIT_NOW,0.1538461538461538,,,46.0,3.0,False,EXCLUDED,NO_MATCH_WITHIN_HORIZON
2022 :: Hungarian Grand Prix,STR,44,PIT_NOW,0.1538461538461538,46.0,2.0,46.0,2.0,True,1,
2022 :: Hungarian Grand Prix,STR,45,PIT_NOW,0.1538461538461538,,,46.0,1.0,True,EXCLUDED,NO_MATCH_WITHIN_HORIZON
2022 :: Hungarian Grand Prix,VER,15,PIT_NOW,0.1538461538461538,16.0,1.0,16.0,1.0,True,1,
2022 :: Hungarian Grand Prix,VET,14,PIT_NOW,0.1538461538461538,15.0,1.0,15.0,1.0,True,0,
2022 :: Hungarian Grand Prix,VET,35,PIT_NOW,0.1538461538461538,,,46.0,11.0,False,EXCLUDED,NO_MATCH_WITHIN_HORIZON
2022 :: Hungarian Grand Prix,VET,43,PIT_NOW,0.1538461538461538,,,46.0,3.0,False,EXCLUDED,NO_MATCH_WITHIN_HORIZON
2022 :: Hungarian Grand Prix,VET,45,PIT_NOW,0.1538461538461538,46.0,1.0,46.0,1.0,True,EXCLUDED,UNRESOLVED_INCIDENT_FILTER
2022 :: Hungarian Grand Prix,ZHO,17,PIT_NOW,0.1538461538461538,,,27.0,10.0,False,EXCLUDED,NO_MATCH_WITHIN_HORIZON
2022 :: Hungarian Grand Prix,ZHO,21,PIT_NOW,0.1538461538461538,,,27.0,6.0,False,EXCLUDED,NO_MATCH_WITHIN_HORIZON
2022 :: Hungarian Grand Prix,ZHO,22,PIT_NOW,0.1538461538461538,,,27.0,5.0,False,EXCLUDED,NO_MATCH_WITHIN_HORIZON
2022 :: Hungarian Grand Prix,ZHO,23,PIT_NOW,0.1538461538461538,,,27.0,4.0,False,EXCLUDED,NO_MATCH_WITHIN_HORIZON
2022 :: Hungarian Grand Prix,ZHO,24,PIT_NOW,0.1538461538461538,,,27.0,3.0,False,EXCLUDED,NO_MATCH_WITHIN_HORIZON
2022 :: Hungarian Grand Prix,ZHO,25,PIT_NOW,0.1538461538461538,27.0,2.0,27.0,2.0,True,1,
2022 :: Hungarian Grand Prix,ZHO,26,PIT_NOW,0.1538461538461538,,,27.0,1.0,True,EXCLUDED,NO_MATCH_WITHIN_HORIZON
2022 :: Italian Grand Prix,ALO,23,PIT_NOW,0.3333333333333333,,,31.0,8.0,False,EXCLUDED,NO_MATCH_WITHIN_HORIZON
2022 :: Italian Grand Prix,HAM,18,PIT_NOW,0.3333333333333333,,,33.0,15.0,False,EXCLUDED,NO_MATCH_WITHIN_HORIZON
2022 :: Italian Grand Prix,NOR,34,PIT_NOW,0.3333333333333333,35.0,1.0,35.0,1.0,True,1,
2022 :: Mexico City Grand Prix,BOT,29,PIT_NOW,0.4,,,39.0,10.0,False,EXCLUDED,NO_MATCH_WITHIN_HORIZON
2022 :: Mexico City Grand Prix,BOT,32,PIT_NOW,0.4,,,39.0,7.0,False,EXCLUDED,NO_MATCH_WITHIN_HORIZON
2022 :: Mexico City Grand Prix,HAM,19,PIT_NOW,0.4,,,29.0,10.0,False,EXCLUDED,NO_MATCH_WITHIN_HORIZON
2022 :: Mexico City Grand Prix,HAM,28,PIT_NOW,0.4,29.0,1.0,29.0,1.0,True,1,
2022 :: Mexico City Grand Prix,LEC,23,PIT_NOW,0.4,,,28.0,5.0,False,EXCLUDED,NO_MATCH_WITHIN_HORIZON
2022 :: Mexico City Grand Prix,LEC,25,PIT_NOW,0.4,,,28.0,3.0,False,EXCLUDED,NO_MATCH_WITHIN_HORIZON
2022 :: Mexico City Grand Prix,LEC,26,PIT_NOW,0.4,28.0,2.0,28.0,2.0,True,EXCLUDED,UNRESOLVED_INCIDENT_FILTER
2022 :: Mexico City Grand Prix,OCO,28,PIT_NOW,0.4,,,33.0,5.0,False,EXCLUDED,NO_MATCH_WITHIN_HORIZON
2022 :: Mexico City Grand Prix,OCO,30,PIT_NOW,0.4,,,33.0,3.0,False,EXCLUDED,NO_MATCH_WITHIN_HORIZON
2022 :: Mexico City Grand Prix,PER,22,PIT_NOW,0.4,23.0,1.0,23.0,1.0,True,1,
2022 :: Mexico City Grand Prix,RIC,39,PIT_NOW,0.4,,,44.0,5.0,False,EXCLUDED,NO_MATCH_WITHIN_HORIZON
2022 :: Mexico City Grand Prix,RIC,40,PIT_NOW,0.4,,,44.0,4.0,False,EXCLUDED,NO_MATCH_WITHIN_HORIZON
2022 :: Mexico City Grand Prix,RIC,41,PIT_NOW,0.4,,,44.0,3.0,False,EXCLUDED,NO_MATCH_WITHIN_HORIZON
2022 :: Mexico City Grand Prix,RIC,43,PIT_NOW,0.4,44.0,1.0,44.0,1.0,True,1,
2022 :: Mexico City Grand Prix,SAI,22,PIT_NOW,0.4,,,29.0,7.0,False,EXCLUDED,NO_MATCH_WITHIN_HORIZON
2022 :: Mexico City Grand Prix,SAI,23,PIT_NOW,0.4,,,29.0,6.0,False,EXCLUDED,NO_MATCH_WITHIN_HORIZON
2022 :: Mexico City Grand Prix,SAI,24,PIT_NOW,0.4,,,29.0,5.0,False,EXCLUDED,NO_MATCH_WITHIN_HORIZON
2022 :: Mexico City Grand Prix,SAI,28,PIT_NOW,0.4,29.0,1.0,29.0,1.0,True,0,
2022 :: Mexico City Grand Prix,ZHO,40,PIT_NOW,0.4,,,45.0,5.0,False,EXCLUDED,NO_MATCH_WITHIN_HORIZON
2022 :: Mexico City Grand Prix,ZHO,43,PIT_NOW,0.4,45.0,2.0,45.0,2.0,True,0,
2022 :: Miami Grand Prix,BOT,14,PIT_NOW,0.0889229742377442,,,26.0,12.0,False,EXCLUDED,NO_MATCH_WITHIN_HORIZON
2022 :: Miami Grand Prix,LEC,16,PIT_NOW,0.05417366338846,,,24.0,8.0,False,EXCLUDED,NO_MATCH_WITHIN_HORIZON
2022 :: Miami Grand Prix,OCO,39,PIT_NOW,0.0697319539884208,41.0,2.0,41.0,2.0,True,EXCLUDED,UNRESOLVED_MISSING_POST_GAP
2022 :: Miami Grand Prix,PER,21,PIT_NOW,0.05358184017797,,,27.0,6.0,False,EXCLUDED,NO_MATCH_WITHIN_HORIZON
2022 :: Miami Grand Prix,PER,23,PIT_NOW,0.096143336762599,,,27.0,4.0,False,EXCLUDED,NO_MATCH_WITHIN_HORIZON
2022 :: Spanish Grand Prix,GAS,25,PIT_NOW,0.0398674908263572,,,29.0,4.0,False,EXCLUDED,NO_MATCH_WITHIN_HORIZON
2022 :: Spanish Grand Prix,GAS,26,PIT_NOW,0.0583825522559506,,,29.0,3.0,False,EXCLUDED,NO_MATCH_WITHIN_HORIZON
2022 :: Spanish Grand Prix,RIC,25,PIT_NOW,0.0306144642393916,,,31.0,6.0,False,EXCLUDED,NO_MATCH_WITHIN_HORIZON
2022 :: Spanish Grand Prix,RIC,45,PIT_NOW,0.0506692265678268,,,48.0,3.0,False,EXCLUDED,NO_MATCH_WITHIN_HORIZON
2022 :: Spanish Grand Prix,RIC,46,PIT_NOW,0.0782786479336451,48.0,2.0,48.0,2.0,True,EXCLUDED,UNRESOLVED_INCIDENT_FILTER
2022 :: Spanish Grand Prix,RIC,47,PIT_NOW,0.0515699532590738,,,48.0,1.0,True,EXCLUDED,NO_MATCH_WITHIN_HORIZON
2022 :: Spanish Grand Prix,RUS,33,PIT_NOW,0.03346390228462,,,36.0,3.0,False,EXCLUDED,NO_MATCH_WITHIN_HORIZON
2022 :: Spanish Grand Prix,VET,10,PIT_NOW,0.036755751867219,,,21.0,11.0,False,EXCLUDED,NO_MATCH_WITHIN_HORIZON
2022 :: São Paulo Grand Prix,ALB,43,PIT_NOW,0.1176470588235294,,,47.0,4.0,False,EXCLUDED,NO_MATCH_WITHIN_HORIZON
2022 :: São Paulo Grand Prix,ALB,44,PIT_NOW,0.1176470588235294,,,47.0,3.0,False,EXCLUDED,NO_MATCH_WITHIN_HORIZON
2022 :: São Paulo Grand Prix,ALB,45,PIT_NOW,0.1111111111111111,47.0,2.0,47.0,2.0,True,EXCLUDED,UNRESOLVED_MISSING_POST_GAP
2022 :: São Paulo Grand Prix,GAS,16,PIT_NOW,0.1111111111111111,,,19.0,3.0,False,EXCLUDED,NO_MATCH_WITHIN_HORIZON
2022 :: São Paulo Grand Prix,HAM,18,PIT_NOW,0.1176470588235294,,,29.0,11.0,False,EXCLUDED,NO_MATCH_WITHIN_HORIZON
2022 :: São Paulo Grand Prix,HAM,19,PIT_NOW,0.1176470588235294,,,29.0,10.0,False,EXCLUDED,NO_MATCH_WITHIN_HORIZON
2022 :: São Paulo Grand Prix,HAM,20,PIT_NOW,0.1176470588235294,,,29.0,9.0,False,EXCLUDED,NO_MATCH_WITHIN_HORIZON
2022 :: São Paulo Grand Prix,HAM,22,PIT_NOW,0.1176470588235294,,,29.0,7.0,False,EXCLUDED,NO_MATCH_WITHIN_HORIZON
2022 :: São Paulo Grand Prix,HAM,23,PIT_NOW,0.1176470588235294,,,29.0,6.0,False,EXCLUDED,NO_MATCH_WITHIN_HORIZON
2022 :: São Paulo Grand Prix,HAM,24,PIT_NOW,0.1176470588235294,,,29.0,5.0,False,EXCLUDED,NO_MATCH_WITHIN_HORIZON
2022 :: São Paulo Grand Prix,HAM,26,PIT_NOW,0.1111111111111111,,,29.0,3.0,False,EXCLUDED,NO_MATCH_WITHIN_HORIZON
2022 :: São Paulo Grand Prix,HAM,27,PIT_NOW,0.1176470588235294,29.0,2.0,29.0,2.0,True,EXCLUDED,UNRESOLVED_INCIDENT_FILTER
2022 :: São Paulo Grand Prix,HAM,28,PIT_NOW,0.1176470588235294,,,29.0,1.0,True,EXCLUDED,NO_MATCH_WITHIN_HORIZON
2022 :: São Paulo Grand Prix,MSC,20,PIT_NOW,0.1176470588235294,,,24.0,4.0,False,EXCLUDED,NO_MATCH_WITHIN_HORIZON
2022 :: São Paulo Grand Prix,MSC,22,PIT_NOW,0.1111111111111111,24.0,2.0,24.0,2.0,True,EXCLUDED,UNRESOLVED_MISSING_POST_GAP
2022 :: São Paulo Grand Prix,MSC,23,PIT_NOW,0.1176470588235294,,,24.0,1.0,True,EXCLUDED,NO_MATCH_WITHIN_HORIZON
2022 :: São Paulo Grand Prix,NOR,16,PIT_NOW,0.1111111111111111,,,24.0,8.0,False,EXCLUDED,NO_MATCH_WITHIN_HORIZON
2022 :: São Paulo Grand Prix,NOR,18,PIT_NOW,0.1176470588235294,,,24.0,6.0,False,EXCLUDED,NO_MATCH_WITHIN_HORIZON
2022 :: São Paulo Grand Prix,NOR,19,PIT_NOW,0.1111111111111111,,,24.0,5.0,False,EXCLUDED,NO_MATCH_WITHIN_HORIZON
2022 :: São Paulo Grand Prix,NOR,20,PIT_NOW,0.1176470588235294,,,24.0,4.0,False,EXCLUDED,NO_MATCH_WITHIN_HORIZON
2022 :: São Paulo Grand Prix,NOR,21,PIT_NOW,0.1176470588235294,,,24.0,3.0,False,EXCLUDED,NO_MATCH_WITHIN_HORIZON
2022 :: São Paulo Grand Prix,NOR,23,PIT_NOW,0.1176470588235294,24.0,1.0,24.0,1.0,True,0,
2022 :: São Paulo Grand Prix,RUS,21,PIT_NOW,0.1176470588235294,,,24.0,3.0,False,EXCLUDED,NO_MATCH_WITHIN_HORIZON
2022 :: São Paulo Grand Prix,RUS,22,PIT_NOW,0.1176470588235294,24.0,2.0,24.0,2.0,True,0,
2022 :: São Paulo Grand Prix,RUS,23,PIT_NOW,0.1176470588235294,,,24.0,1.0,True,EXCLUDED,NO_MATCH_WITHIN_HORIZON
2022 :: São Paulo Grand Prix,STR,16,PIT_NOW,0.1176470588235294,,,29.0,13.0,False,EXCLUDED,NO_MATCH_WITHIN_HORIZON
2022 :: São Paulo Grand Prix,STR,24,PIT_NOW,0.1111111111111111,,,29.0,5.0,False,EXCLUDED,NO_MATCH_WITHIN_HORIZON
2022 :: São Paulo Grand Prix,STR,26,PIT_NOW,0.1111111111111111,,,29.0,3.0,False,EXCLUDED,NO_MATCH_WITHIN_HORIZON
2022 :: São Paulo Grand Prix,STR,27,PIT_NOW,0.1176470588235294,29.0,2.0,29.0,2.0,True,0,
2022 :: São Paulo Grand Prix,STR,28,PIT_NOW,0.1176470588235294,,,29.0,1.0,True,EXCLUDED,NO_MATCH_WITHIN_HORIZON
2022 :: São Paulo Grand Prix,VER,43,PIT_NOW,0.1111111111111111,,,48.0,5.0,False,EXCLUDED,NO_MATCH_WITHIN_HORIZON
2022 :: São Paulo Grand Prix,VER,45,PIT_NOW,0.1176470588235294,,,48.0,3.0,False,EXCLUDED,NO_MATCH_WITHIN_HORIZON
2022 :: São Paulo Grand Prix,VET,17,PIT_NOW,0.1111111111111111,,,26.0,9.0,False,EXCLUDED,NO_MATCH_WITHIN_HORIZON
2022 :: São Paulo Grand Prix,VET,18,PIT_NOW,0.1176470588235294,,,26.0,8.0,False,EXCLUDED,NO_MATCH_WITHIN_HORIZON
2022 :: São Paulo Grand Prix,VET,19,PIT_NOW,0.1176470588235294,,,26.0,7.0,False,EXCLUDED,NO_MATCH_WITHIN_HORIZON
2022 :: São Paulo Grand Prix,VET,21,PIT_NOW,0.1176470588235294,,,26.0,5.0,False,EXCLUDED,NO_MATCH_WITHIN_HORIZON
2022 :: São Paulo Grand Prix,VET,22,PIT_NOW,0.1176470588235294,,,26.0,4.0,False,EXCLUDED,NO_MATCH_WITHIN_HORIZON
2022 :: São Paulo Grand Prix,VET,23,PIT_NOW,0.1176470588235294,,,26.0,3.0,False,EXCLUDED,NO_MATCH_WITHIN_HORIZON
2022 :: São Paulo Grand Prix,VET,24,PIT_NOW,0.1176470588235294,26.0,2.0,26.0,2.0,True,EXCLUDED,UNRESOLVED_INCIDENT_FILTER
2022 :: United States Grand Prix,HAM,12,PIT_NOW,0.2615384615384615,12.0,0.0,12.0,0.0,True,0,
2022 :: United States Grand Prix,LEC,13,PIT_NOW,0.2615384615384615,,,18.0,5.0,False,EXCLUDED,NO_MATCH_WITHIN_HORIZON
2022 :: United States Grand Prix,STR,12,PIT_NOW,0.2615384615384615,,,15.0,3.0,False,EXCLUDED,NO_MATCH_WITHIN_HORIZON
2022 :: United States Grand Prix,VET,12,PIT_NOW,0.2615384615384615,,,18.0,6.0,False,EXCLUDED,NO_MATCH_WITHIN_HORIZON
2022 :: United States Grand Prix,VET,13,PIT_NOW,0.2615384615384615,,,18.0,5.0,False,EXCLUDED,NO_MATCH_WITHIN_HORIZON
2022 :: United States Grand Prix,VET,14,PIT_NOW,0.2615384615384615,,,18.0,4.0,False,EXCLUDED,NO_MATCH_WITHIN_HORIZON
2023 :: Australian Grand Prix,ALB,55,PIT_NOW,0.1290322580645161,57.0,2.0,57.0,2.0,True,1,
2023 :: Australian Grand Prix,ALB,56,PIT_NOW,0.1290322580645161,,,57.0,1.0,True,EXCLUDED,NO_MATCH_WITHIN_HORIZON
2023 :: Australian Grand Prix,NOR,18,PIT_NOW,0.1290322580645161,20.0,2.0,20.0,2.0,True,1,
2023 :: Australian Grand Prix,NOR,19,PIT_NOW,0.1290322580645161,,,20.0,1.0,True,EXCLUDED,NO_MATCH_WITHIN_HORIZON
2023 :: Australian Grand Prix,RIC,18,PIT_NOW,0.1290322580645161,,,21.0,3.0,False,EXCLUDED,NO_MATCH_WITHIN_HORIZON
2023 :: Australian Grand Prix,RIC,19,PIT_NOW,0.1290322580645161,21.0,2.0,21.0,2.0,True,1,
2023 :: Australian Grand Prix,RIC,20,PIT_NOW,0.1290322580645161,,,21.0,1.0,True,EXCLUDED,NO_MATCH_WITHIN_HORIZON
2023 :: Bahrain Grand Prix,LAT,13,PIT_NOW,1.0,14.0,1.0,14.0,1.0,True,1,
2023 :: Bahrain Grand Prix,LAT,31,PIT_NOW,1.0,32.0,1.0,32.0,1.0,True,1,
2023 :: Bahrain Grand Prix,MSC,11,PIT_NOW,1.0,12.0,1.0,12.0,1.0,True,1,
2023 :: Bahrain Grand Prix,RIC,32,PIT_NOW,1.0,33.0,1.0,33.0,1.0,True,1,
2023 :: Bahrain Grand Prix,RIC,43,PIT_NOW,1.0,44.0,1.0,44.0,1.0,True,1,
2023 :: Belgian Grand Prix,VET,11,PIT_NOW,1.0,,,14.0,3.0,False,EXCLUDED,NO_MATCH_WITHIN_HORIZON
2023 :: Belgian Grand Prix,VET,12,PIT_NOW,1.0,14.0,2.0,14.0,2.0,True,0,
2023 :: British Grand Prix,NOR,31,PIT_NOW,1.0,33.0,2.0,33.0,2.0,True,1,
2023 :: British Grand Prix,NOR,32,PIT_NOW,1.0,34.0,2.0,33.0,1.0,True,EXCLUDED,UNRESOLVED_INCIDENT_FILTER
2023 :: British Grand Prix,RUS,27,PIT_NOW,1.0,28.0,1.0,28.0,1.0,True,1,
2023 :: Emilia Romagna Grand Prix,PER,16,PIT_NOW,0.75,18.0,2.0,18.0,2.0,True,1,
2023 :: Emilia Romagna Grand Prix,TSU,16,PIT_NOW,0.75,18.0,2.0,18.0,2.0,True,1,
2023 :: Emilia Romagna Grand Prix,TSU,17,PIT_NOW,0.75,,,18.0,1.0,True,EXCLUDED,NO_MATCH_WITHIN_HORIZON
2023 :: Saudi Arabian Grand Prix,OCO,14,PIT_NOW,0.1666666666666666,16.0,2.0,16.0,2.0,True,1,
2023 :: Saudi Arabian Grand Prix,OCO,15,PIT_NOW,0.1666666666666666,,,16.0,1.0,True,EXCLUDED,NO_MATCH_WITHIN_HORIZON
2023 :: Saudi Arabian Grand Prix,STR,12,PIT_NOW,0.1666666666666666,13.0,1.0,13.0,1.0,True,1,
2023 :: Spanish Grand Prix,OCO,12,PIT_NOW,1.0,13.0,1.0,13.0,1.0,True,1,
2023 :: United States Grand Prix,VET,16,PIT_NOW,1.0,18.0,2.0,18.0,2.0,True,1,
2024 :: Austrian Grand Prix,ALO,42,PIT_NOW,1.0,44.0,2.0,44.0,2.0,True,1,
2024 :: Austrian Grand Prix,ALO,43,PIT_NOW,1.0,,,44.0,1.0,True,EXCLUDED,NO_MATCH_WITHIN_HORIZON
2024 :: Austrian Grand Prix,GAS,12,PIT_NOW,1.0,12.0,0.0,12.0,0.0,True,1,
2024 :: Austrian Grand Prix,LEC,45,PIT_NOW,1.0,47.0,2.0,47.0,2.0,True,1,
2024 :: Austrian Grand Prix,LEC,46,PIT_NOW,1.0,,,47.0,1.0,True,EXCLUDED,NO_MATCH_WITHIN_HORIZON
2024 :: Austrian Grand Prix,MSC,42,PIT_NOW,1.0,43.0,1.0,43.0,1.0,True,1,
2024 :: Austrian Grand Prix,NOR,13,PIT_NOW,1.0,14.0,1.0,14.0,1.0,True,1,
2024 :: Austrian Grand Prix,NOR,40,PIT_NOW,1.0,41.0,1.0,41.0,1.0,True,1,
2024 :: Austrian Grand Prix,PIA,13,PIT_NOW,1.0,14.0,1.0,14.0,1.0,True,0,
2024 :: Austrian Grand Prix,RIC,42,PIT_NOW,1.0,44.0,2.0,44.0,2.0,True,1,
2024 :: Austrian Grand Prix,RIC,43,PIT_NOW,1.0,,,44.0,1.0,True,EXCLUDED,NO_MATCH_WITHIN_HORIZON
2024 :: Austrian Grand Prix,RUS,12,PIT_NOW,1.0,14.0,2.0,14.0,2.0,True,1,
2024 :: Austrian Grand Prix,SAI,44,PIT_NOW,1.0,45.0,1.0,45.0,1.0,True,1,
2024 :: Belgian Grand Prix,MAG,23,PIT_NOW,0.9166666666666666,25.0,2.0,25.0,2.0,True,1,
2024 :: Belgian Grand Prix,MAG,24,PIT_NOW,1.0,,,25.0,1.0,True,EXCLUDED,NO_MATCH_WITHIN_HORIZON
2024 :: Belgian Grand Prix,OCO,23,PIT_NOW,1.0,25.0,2.0,25.0,2.0,True,1,
2024 :: Belgian Grand Prix,OCO,24,PIT_NOW,1.0,,,25.0,1.0,True,EXCLUDED,NO_MATCH_WITHIN_HORIZON
2024 :: Belgian Grand Prix,PER,12,PIT_NOW,1.0,13.0,1.0,13.0,1.0,True,1,
2024 :: Belgian Grand Prix,SAI,22,PIT_NOW,1.0,23.0,1.0,23.0,1.0,True,1,
2024 :: Belgian Grand Prix,ZHO,24,PIT_NOW,0.9166666666666666,25.0,1.0,25.0,1.0,True,1,
2024 :: British Grand Prix,ALB,31,PIT_NOW,0.8,32.0,1.0,32.0,1.0,True,1,
2024 :: British Grand Prix,HAM,31,PIT_NOW,0.8,33.0,2.0,33.0,2.0,True,1,
2024 :: British Grand Prix,NOR,31,PIT_NOW,1.0,33.0,2.0,33.0,2.0,True,1,
2024 :: British Grand Prix,NOR,32,PIT_NOW,1.0,34.0,2.0,33.0,1.0,True,EXCLUDED,UNRESOLVED_INCIDENT_FILTER
2024 :: British Grand Prix,RUS,27,PIT_NOW,0.8,27.0,0.0,27.0,0.0,True,EXCLUDED,WEATHER_SURVIVAL_STOP
2024 :: British Grand Prix,VER,31,PIT_NOW,0.8,33.0,2.0,33.0,2.0,True,1,
2024 :: Dutch Grand Prix,NOR,8,PIT_NOW,0.875,10.0,2.0,10.0,2.0,True,1,
2024 :: Dutch Grand Prix,SAI,9,PIT_NOW,1.0,10.0,1.0,10.0,1.0,True,1,
2024 :: Dutch Grand Prix,VER,9,PIT_NOW,1.0,11.0,2.0,11.0,2.0,True,1,
2024 :: Dutch Grand Prix,VER,10,PIT_NOW,0.875,,,11.0,1.0,True,EXCLUDED,NO_MATCH_WITHIN_HORIZON
2024 :: Italian Grand Prix,SAI,17,PIT_NOW,1.0,19.0,2.0,19.0,2.0,True,1,
2024 :: Italian Grand Prix,SAI,18,PIT_NOW,1.0,,,19.0,1.0,True,EXCLUDED,NO_MATCH_WITHIN_HORIZON
2024 :: Mexico City Grand Prix,BOT,30,PIT_NOW,0.8571428571428571,31.0,1.0,31.0,1.0,True,1,
2024 :: Mexico City Grand Prix,SAI,29,PIT_NOW,0.8571428571428571,29.0,0.0,29.0,0.0,True,0,
2024 :: Saudi Arabian Grand Prix,DEV,14,PIT_NOW,0.7692307692307693,,,17.0,3.0,False,EXCLUDED,NO_MATCH_WITHIN_HORIZON
2024 :: Saudi Arabian Grand Prix,DEV,16,PIT_NOW,0.7692307692307693,17.0,1.0,17.0,1.0,True,1,
2024 :: Saudi Arabian Grand Prix,NOR,31,PIT_NOW,0.7692307692307693,,,37.0,6.0,False,EXCLUDED,NO_MATCH_WITHIN_HORIZON
2024 :: Saudi Arabian Grand Prix,NOR,32,PIT_NOW,0.7692307692307693,,,37.0,5.0,False,EXCLUDED,NO_MATCH_WITHIN_HORIZON
2024 :: Saudi Arabian Grand Prix,NOR,33,PIT_NOW,0.7692307692307693,,,37.0,4.0,False,EXCLUDED,NO_MATCH_WITHIN_HORIZON
2024 :: Saudi Arabian Grand Prix,NOR,35,PIT_NOW,0.7692307692307693,37.0,2.0,37.0,2.0,True,1,
2024 :: Saudi Arabian Grand Prix,SAI,14,PIT_NOW,0.7692307692307693,15.0,1.0,15.0,1.0,True,1,
2024 :: Saudi Arabian Grand Prix,STR,12,PIT_NOW,0.9,13.0,1.0,13.0,1.0,True,1,
2024 :: United States Grand Prix,GAS,17,PIT_NOW,0.9,18.0,1.0,18.0,1.0,True,1,
2024 :: United States Grand Prix,HAM,18,PIT_NOW,0.9,20.0,2.0,20.0,2.0,True,1,
2024 :: United States Grand Prix,HAM,19,PIT_NOW,1.0,,,20.0,1.0,True,EXCLUDED,NO_MATCH_WITHIN_HORIZON
2024 :: United States Grand Prix,LEC,21,PIT_NOW,0.9,23.0,2.0,23.0,2.0,True,1,
2024 :: United States Grand Prix,LEC,22,PIT_NOW,1.0,,,23.0,1.0,True,EXCLUDED,NO_MATCH_WITHIN_HORIZON
2024 :: United States Grand Prix,PER,36,PIT_NOW,0.9,37.0,1.0,37.0,1.0,True,1,
2025 :: Austrian Grand Prix,ALB,12,PIT_NOW,0.75,12.0,0.0,12.0,0.0,True,1,
2025 :: Austrian Grand Prix,ALO,42,PIT_NOW,1.0,44.0,2.0,44.0,2.0,True,1,
2025 :: Austrian Grand Prix,ALO,43,PIT_NOW,0.9574425318861236,,,44.0,1.0,True,EXCLUDED,NO_MATCH_WITHIN_HORIZON
2025 :: Austrian Grand Prix,GAS,12,PIT_NOW,0.75,12.0,0.0,12.0,0.0,True,1,
2025 :: Austrian Grand Prix,HAM,13,PIT_NOW,0.75,14.0,1.0,14.0,1.0,True,1,
2025 :: Austrian Grand Prix,HAM,41,PIT_NOW,0.75,42.0,1.0,42.0,1.0,True,1,
2025 :: Austrian Grand Prix,LEC,45,PIT_NOW,0.75,47.0,2.0,47.0,2.0,True,1,
2025 :: Austrian Grand Prix,LEC,46,PIT_NOW,0.9285714285714286,,,47.0,1.0,True,EXCLUDED,NO_MATCH_WITHIN_HORIZON
2025 :: Austrian Grand Prix,LEC,47,PIT_NOW,0.75,49.0,2.0,47.0,0.0,True,1,
2025 :: Austrian Grand Prix,NOR,13,PIT_NOW,0.75,14.0,1.0,14.0,1.0,True,1,
2025 :: Austrian Grand Prix,RIC,42,PIT_NOW,0.75,44.0,2.0,44.0,2.0,True,1,
2025 :: Austrian Grand Prix,RIC,43,PIT_NOW,0.75,,,44.0,1.0,True,EXCLUDED,NO_MATCH_WITHIN_HORIZON
2025 :: Austrian Grand Prix,SAI,43,PIT_NOW,0.75,45.0,2.0,45.0,2.0,True,1,
2025 :: Bahrain Grand Prix,ALB,10,PIT_NOW,0.8333333333333334,11.0,1.0,11.0,1.0,True,1,
2025 :: Bahrain Grand Prix,ALB,12,PIT_NOW,0.9477310231023104,13.0,1.0,13.0,1.0,True,1,
2025 :: Bahrain Grand Prix,ALB,13,PIT_NOW,0.8,15.0,2.0,13.0,0.0,True,1,
2025 :: Bahrain Grand Prix,ALB,14,PIT_NOW,0.8333333333333334,16.0,2.0,15.0,1.0,True,1,
2025 :: Bahrain Grand Prix,ALO,9,PIT_NOW,1.0,11.0,2.0,11.0,2.0,True,1,
2025 :: Bahrain Grand Prix,ALO,10,PIT_NOW,1.0,,,11.0,1.0,True,EXCLUDED,NO_MATCH_WITHIN_HORIZON
2025 :: Bahrain Grand Prix,ALO,11,PIT_NOW,0.8333333333333334,,,11.0,0.0,True,EXCLUDED,NO_MATCH_WITHIN_HORIZON
2025 :: Bahrain Grand Prix,ALO,12,PIT_NOW,0.8333333333333334,14.0,2.0,14.0,2.0,True,1,
2025 :: Bahrain Grand Prix,ALO,13,PIT_NOW,0.8,15.0,2.0,14.0,1.0,True,1,
2025 :: Bahrain Grand Prix,ALO,14,PIT_NOW,0.8333333333333334,16.0,2.0,14.0,0.0,True,1,
2025 :: Bahrain Grand Prix,ALO,36,PIT_NOW,0.8,,,41.0,5.0,False,EXCLUDED,NO_MATCH_WITHIN_HORIZON
2025 :: Bahrain Grand Prix,ALO,38,PIT_NOW,0.8,,,41.0,3.0,False,EXCLUDED,NO_MATCH_WITHIN_HORIZON
2025 :: Bahrain Grand Prix,ALO,39,PIT_NOW,1.0,41.0,2.0,41.0,2.0,True,1,
2025 :: Bahrain Grand Prix,ALO,40,PIT_NOW,0.8333333333333334,42.0,2.0,41.0,1.0,True,EXCLUDED,UNRESOLVED_MISSING_POST_GAP
2025 :: Bahrain Grand Prix,BOT,9,PIT_NOW,0.8333333333333334,11.0,2.0,11.0,2.0,True,1,
2025 :: Bahrain Grand Prix,BOT,10,PIT_NOW,0.8333333333333334,12.0,2.0,11.0,1.0,True,1,
2025 :: Bahrain Grand Prix,BOT,11,PIT_NOW,1.0,,,11.0,0.0,True,EXCLUDED,NO_MATCH_WITHIN_HORIZON
2025 :: Bahrain Grand Prix,BOT,13,PIT_NOW,1.0,14.0,1.0,14.0,1.0,True,1,
2025 :: Bahrain Grand Prix,GAS,10,PIT_NOW,0.8,10.0,0.0,10.0,0.0,True,1,
2025 :: Bahrain Grand Prix,GAS,11,PIT_NOW,0.8095989396271592,12.0,1.0,12.0,1.0,True,1,
2025 :: Bahrain Grand Prix,LEC,12,PIT_NOW,1.0,13.0,1.0,13.0,1.0,True,1,
2025 :: Bahrain Grand Prix,MAG,10,PIT_NOW,0.8333333333333334,11.0,1.0,11.0,1.0,True,1,
2025 :: Bahrain Grand Prix,NOR,9,PIT_NOW,0.8333333333333334,10.0,1.0,10.0,1.0,True,1,
2025 :: Bahrain Grand Prix,NOR,11,PIT_NOW,0.8333333333333334,13.0,2.0,13.0,2.0,True,1,
2025 :: Bahrain Grand Prix,NOR,12,PIT_NOW,0.8333333333333334,,,13.0,1.0,True,EXCLUDED,NO_MATCH_WITHIN_HORIZON
2025 :: Bahrain Grand Prix,PER,10,PIT_NOW,0.8027407217376433,12.0,2.0,12.0,2.0,True,1,
2025 :: Bahrain Grand Prix,PER,11,PIT_NOW,1.0,,,12.0,1.0,True,EXCLUDED,NO_MATCH_WITHIN_HORIZON
2025 :: Bahrain Grand Prix,PER,35,PIT_NOW,0.8333333333333334,36.0,1.0,36.0,1.0,True,1,
2025 :: Bahrain Grand Prix,PIA,11,PIT_NOW,0.8333333333333334,12.0,1.0,12.0,1.0,True,1,
2025 :: Bahrain Grand Prix,RIC,8,PIT_NOW,0.8333333333333334,,,13.0,5.0,False,EXCLUDED,NO_MATCH_WITHIN_HORIZON
2025 :: Bahrain Grand Prix,RIC,9,PIT_NOW,1.0,,,13.0,4.0,False,EXCLUDED,NO_MATCH_WITHIN_HORIZON
2025 :: Bahrain Grand Prix,RIC,10,PIT_NOW,0.8333333333333334,,,13.0,3.0,False,EXCLUDED,NO_MATCH_WITHIN_HORIZON
2025 :: Bahrain Grand Prix,RIC,11,PIT_NOW,0.8333333333333334,13.0,2.0,13.0,2.0,True,1,
2025 :: Bahrain Grand Prix,RIC,33,PIT_NOW,0.8,33.0,0.0,33.0,0.0,True,1,
2025 :: Bahrain Grand Prix,RUS,10,PIT_NOW,0.8333333333333334,11.0,1.0,11.0,1.0,True,1,
2025 :: Bahrain Grand Prix,RUS,12,PIT_NOW,1.0,13.0,1.0,13.0,1.0,True,1,
2025 :: Bahrain Grand Prix,SAI,12,PIT_NOW,1.0,13.0,1.0,13.0,1.0,True,1,
2025 :: Bahrain Grand Prix,SAR,8,PIT_NOW,0.8333333333333334,10.0,2.0,10.0,2.0,True,1,
2025 :: Bahrain Grand Prix,SAR,9,PIT_NOW,0.8327689413374381,,,10.0,1.0,True,EXCLUDED,NO_MATCH_WITHIN_HORIZON
2025 :: Bahrain Grand Prix,TSU,11,PIT_NOW,0.8333333333333334,11.0,0.0,11.0,0.0,True,1,
2025 :: Bahrain Grand Prix,TSU,12,PIT_NOW,0.8333333333333334,14.0,2.0,14.0,2.0,True,1,
2025 :: Bahrain Grand Prix,TSU,13,PIT_NOW,0.8333333333333334,15.0,2.0,14.0,1.0,True,0,
2025 :: Bahrain Grand Prix,VER,9,PIT_NOW,0.8333333333333334,10.0,1.0,10.0,1.0,True,1,
2025 :: Bahrain Grand Prix,VER,11,PIT_NOW,0.9668729372937294,,,14.0,3.0,False,EXCLUDED,NO_MATCH_WITHIN_HORIZON
2025 :: Bahrain Grand Prix,VER,12,PIT_NOW,1.0,14.0,2.0,14.0,2.0,True,1,
2025 :: Bahrain Grand Prix,VER,14,PIT_NOW,0.8333333333333334,,,14.0,0.0,True,EXCLUDED,NO_MATCH_WITHIN_HORIZON
2025 :: Bahrain Grand Prix,ZHO,8,PIT_NOW,1.0,9.0,1.0,9.0,1.0,True,1,
2025 :: Belgian Grand Prix,BOT,22,PIT_NOW,0.8113207547169812,24.0,2.0,24.0,2.0,True,1,
2025 :: Belgian Grand Prix,MAG,23,PIT_NOW,0.8113207547169812,25.0,2.0,25.0,2.0,True,1,
2025 :: Belgian Grand Prix,MAG,24,PIT_NOW,0.9032258064516128,,,25.0,1.0,True,EXCLUDED,NO_MATCH_WITHIN_HORIZON
2025 :: Belgian Grand Prix,OCO,24,PIT_NOW,0.8113207547169812,25.0,1.0,25.0,1.0,True,1,
2025 :: Belgian Grand Prix,PER,12,PIT_NOW,0.8113207547169812,13.0,1.0,13.0,1.0,True,1,
2025 :: Belgian Grand Prix,ZHO,23,PIT_NOW,0.8113207547169812,25.0,2.0,25.0,2.0,True,1,
2025 :: Belgian Grand Prix,ZHO,24,PIT_NOW,1.0,,,25.0,1.0,True,EXCLUDED,NO_MATCH_WITHIN_HORIZON
2025 :: British Grand Prix,ALB,31,PIT_NOW,0.75,32.0,1.0,32.0,1.0,True,1,
2025 :: British Grand Prix,ALO,31,PIT_NOW,0.75,33.0,2.0,33.0,2.0,True,1,
2025 :: British Grand Prix,GAS,31,PIT_NOW,0.75,31.0,0.0,31.0,0.0,True,1,
2025 :: British Grand Prix,HAM,31,PIT_NOW,1.0,33.0,2.0,33.0,2.0,True,1,
2025 :: British Grand Prix,HUL,36,PIT_NOW,0.75,,,39.0,3.0,False,EXCLUDED,NO_MATCH_WITHIN_HORIZON
2025 :: British Grand Prix,NOR,31,PIT_NOW,0.75,33.0,2.0,33.0,2.0,True,1,
2025 :: British Grand Prix,NOR,32,PIT_NOW,0.75,34.0,2.0,33.0,1.0,True,EXCLUDED,UNRESOLVED_INCIDENT_FILTER
2025 :: British Grand Prix,PIA,28,PIT_NOW,0.75,28.0,0.0,28.0,0.0,True,EXCLUDED,WEATHER_SURVIVAL_STOP
2025 :: Canadian Grand Prix,VER,41,PIT_NOW,0.7777777777777778,42.0,1.0,42.0,1.0,True,1,
2025 :: Dutch Grand Prix,ALO,9,PIT_NOW,0.8928571428571429,10.0,1.0,10.0,1.0,True,1,
2025 :: Dutch Grand Prix,ALO,46,PIT_NOW,1.0,47.0,1.0,47.0,1.0,True,1,
2025 :: Dutch Grand Prix,BOT,45,PIT_NOW,0.8928571428571429,47.0,2.0,47.0,2.0,True,1,
2025 :: Dutch Grand Prix,LEC,40,PIT_NOW,0.75,41.0,1.0,41.0,1.0,True,1,
2025 :: Dutch Grand Prix,NOR,9,PIT_NOW,1.0,10.0,1.0,10.0,1.0,True,1,
2025 :: Dutch Grand Prix,SAI,8,PIT_NOW,0.8928571428571429,10.0,2.0,10.0,2.0,True,1,
2025 :: Dutch Grand Prix,SAI,9,PIT_NOW,0.8928571428571429,,,10.0,1.0,True,EXCLUDED,NO_MATCH_WITHIN_HORIZON
2025 :: Dutch Grand Prix,TSU,9,PIT_NOW,0.8928571428571429,10.0,1.0,10.0,1.0,True,1,
2025 :: Dutch Grand Prix,VER,9,PIT_NOW,1.0,11.0,2.0,11.0,2.0,True,1,
2025 :: Dutch Grand Prix,VER,46,PIT_NOW,0.8928571428571429,48.0,2.0,48.0,2.0,True,1,
2025 :: Emilia Romagna Grand Prix,LEC,22,PIT_NOW,0.7931034482758621,,,25.0,3.0,False,EXCLUDED,NO_MATCH_WITHIN_HORIZON
2025 :: Emilia Romagna Grand Prix,VER,17,PIT_NOW,0.76,19.0,2.0,19.0,2.0,True,1,
2025 :: Emilia Romagna Grand Prix,VER,18,PIT_NOW,0.76,,,19.0,1.0,True,EXCLUDED,NO_MATCH_WITHIN_HORIZON
2025 :: Hungarian Grand Prix,ANT,44,PIT_NOW,0.75,,,,,False,EXCLUDED,NO_MATCH_WITHIN_HORIZON
2025 :: Hungarian Grand Prix,HAM,43,PIT_NOW,0.7733333333333333,,,49.0,6.0,False,EXCLUDED,NO_MATCH_WITHIN_HORIZON
2025 :: Hungarian Grand Prix,HAM,44,PIT_NOW,0.75,,,49.0,5.0,False,EXCLUDED,NO_MATCH_WITHIN_HORIZON
2025 :: Hungarian Grand Prix,HAM,47,PIT_NOW,0.7733333333333333,49.0,2.0,49.0,2.0,True,1,
2025 :: Hungarian Grand Prix,LAT,39,PIT_NOW,0.75,39.0,0.0,39.0,0.0,True,1,
2025 :: Hungarian Grand Prix,LEC,15,PIT_NOW,0.75,17.0,2.0,17.0,2.0,True,1,
2025 :: Hungarian Grand Prix,MAG,40,PIT_NOW,0.75,41.0,1.0,41.0,1.0,True,1,
2025 :: Hungarian Grand Prix,NOR,41,PIT_NOW,0.8552631578947368,42.0,1.0,42.0,1.0,True,0,
2025 :: Hungarian Grand Prix,NOR,42,PIT_NOW,0.7733333333333333,44.0,2.0,42.0,0.0,True,1,
2025 :: Hungarian Grand Prix,NOR,43,PIT_NOW,0.8552631578947368,45.0,2.0,44.0,1.0,True,1,
2025 :: Hungarian Grand Prix,PER,23,PIT_NOW,0.75,24.0,1.0,24.0,1.0,True,1,
2025 :: Hungarian Grand Prix,PER,41,PIT_NOW,0.75,42.0,1.0,42.0,1.0,True,1,
2025 :: Hungarian Grand Prix,PIA,16,PIT_NOW,0.7733333333333333,18.0,2.0,18.0,2.0,True,1,
2025 :: Hungarian Grand Prix,PIA,17,PIT_NOW,0.7733333333333333,,,18.0,1.0,True,EXCLUDED,NO_MATCH_WITHIN_HORIZON
2025 :: Hungarian Grand Prix,PIA,41,PIT_NOW,0.7733333333333333,42.0,1.0,42.0,1.0,True,1,
2025 :: Hungarian Grand Prix,SAI,42,PIT_NOW,0.7733333333333333,44.0,2.0,44.0,2.0,True,1,
2025 :: Hungarian Grand Prix,SAI,43,PIT_NOW,0.7733333333333333,,,44.0,1.0,True,EXCLUDED,NO_MATCH_WITHIN_HORIZON
2025 :: Hungarian Grand Prix,TSU,40,PIT_NOW,0.75,,,44.0,4.0,False,EXCLUDED,NO_MATCH_WITHIN_HORIZON
2025 :: Hungarian Grand Prix,TSU,42,PIT_NOW,0.75,44.0,2.0,44.0,2.0,True,1,
2025 :: Hungarian Grand Prix,TSU,43,PIT_NOW,0.75,,,44.0,1.0,True,EXCLUDED,NO_MATCH_WITHIN_HORIZON
2025 :: Las Vegas Grand Prix,VER,14,PIT_NOW,0.8,16.0,2.0,16.0,2.0,True,1,
2025 :: Las Vegas Grand Prix,VER,15,PIT_NOW,0.8,,,16.0,1.0,True,EXCLUDED,NO_MATCH_WITHIN_HORIZON
2025 :: Mexico City Grand Prix,LEC,29,PIT_NOW,0.8076923076923077,31.0,2.0,31.0,2.0,True,1,
2025 :: Mexico City Grand Prix,LEC,30,PIT_NOW,0.8048780487804879,,,31.0,1.0,True,EXCLUDED,NO_MATCH_WITHIN_HORIZON
2025 :: Mexico City Grand Prix,SAI,29,PIT_NOW,0.8076923076923077,29.0,0.0,29.0,0.0,True,0,
2025 :: Mexico City Grand Prix,SAR,70,PIT_NOW,0.8076923076923077,71.0,1.0,71.0,1.0,True,1,
2025 :: Monaco Grand Prix,ALO,28,PIT_NOW,0.8181818181818182,30.0,2.0,30.0,2.0,True,1,
2025 :: Monaco Grand Prix,ALO,29,PIT_NOW,0.8181818181818182,,,30.0,1.0,True,EXCLUDED,NO_MATCH_WITHIN_HORIZON
2025 :: Singapore Grand Prix,LEC,19,PIT_NOW,1.0,20.0,1.0,20.0,1.0,True,1,
2025 :: Spanish Grand Prix,OCO,12,PIT_NOW,1.0,13.0,1.0,13.0,1.0,True,1,
2025 :: United States Grand Prix,HAM,18,PIT_NOW,1.0,20.0,2.0,20.0,2.0,True,1,
2025 :: United States Grand Prix,HAM,19,PIT_NOW,1.0,,,20.0,1.0,True,EXCLUDED,NO_MATCH_WITHIN_HORIZON
2025 :: United States Grand Prix,LEC,22,PIT_NOW,1.0,22.0,0.0,22.0,0.0,True,1,
2025 :: United States Grand Prix,PER,36,PIT_NOW,1.0,37.0,1.0,37.0,1.0,True,1,
